"Design","Fold","Seed","Model","Family","Spec","Variant","G","Mode","FitSec","TestN","TestAccuracy","TestKappa","TestLogLoss","TestBrierScore","TestMacroPrecision","TestMacroRecall","TestMacroF1","TestMacroBalancedAccuracy","TestWeightedPrecision","TestWeightedRecall","TestWeightedF1","Phi","Converged","Iterations","logLik","neg2_logLik","spatial_bonus","phi","phi_estimated","objective_value","neg2_objective","n_rows","n_units","n_predictors","df_original_total","df_effective_total","df_nominal_active_total","edf_method","edf_is_approximation","active_predictors_total","penalty_scr_bic_original","penalty_scr_bic_effective","penalty_scr_aic_effective","CriterionSCR_BIC_original","CriterionSCR_BIC_effective","CriterionSCR_AIC_effective","CBBIC_Fit","CBBIC_Penalty","CBBIC_WeightedN_Check","CBBIC_m_bar","CBBIC_EmptyClusterCount","CBBIC_InfeasibleClusterCount","CBBIC_FeasibilityPenalty","CriterionCB_BIC","CriterionCB_AIC","CriterionV3_CB_uBIC","PottsLogPseudoLik","df_label","CriterionPLIC_BIC","CriterionPLIC_AIC","PenalizedObjective","Choice"
"E1_nowcast",1,2128,"SCMR-EN-D","SCMR-EN","D","",3,"lag_observed",5.41199999999998,8546,0.757781418207348,0.708477724877058,0.624988299471273,0.337765529186061,0.756743112382867,0.755972793406439,0.7562329742407,0.853714377733645,0.758500003457945,0.757781418207348,0.758021584022468,2.59187927432151,TRUE,1,-14881.2919338134,29762.5838676269,857,2.59187927432151,TRUE,-14881.29193395,29762.5838679,24301,180,50,765,189.467370750724,192,"multinomial_active_hessian_ungrouped",TRUE,87,7725.17867727014,1913.29319289141,378.934741501448,37487.762544897,31675.8770605183,30141.5186091283,29762.5838676269,775.744699151745,24301,60,0,0,0,30538.3285667786,30141.5186091283,30538.3285667786,-1.36566248180574e-07,1,31685.9753335722,30143.5186094014,-18504.3657630098,"PLIC-AIC"
"E1_nowcast",1,2128,"TwoStage-EN-D","TwoStage-EN","D","",3,"lag_observed",1.56700000000001,8546,0.757781418207348,0.708477724877058,0.624988299471273,0.337765529186061,0.756743112382867,0.755972793406439,0.7562329742407,0.853714377733645,0.758500003457945,0.757781418207348,0.758021584022468,1,TRUE,0,-14881.2919338134,29762.5838676269,857,1,FALSE,-14024.2919338134,28048.5838676269,24301,180,50,765,189.467370750724,192,"multinomial_active_hessian_ungrouped",TRUE,87,7725.17867727014,1913.29319289141,378.934741501448,37487.762544897,31675.8770605183,30141.5186091283,29762.5838676269,775.744699151745,24301,60,0,0,0,30538.3285667786,30141.5186091283,30538.3285667786,-0.0574138359599385,0,31675.9918881902,30141.6334368002,-17647.3657628733,"G of SCMR-EN"
"E1_nowcast",1,2128,"SCR-original-D","SCR-original","D","",3,"lag_observed",35.34,8546,0.756845307746314,0.707416574554323,0.616136443871514,0.336856803214405,0.755806025740488,0.755824740354633,0.755692481574823,0.853554367595211,0.757692196570762,0.756845307746314,0.757155549852115,1,TRUE,2,-13854.0514905851,27708.1029811702,541,1,FALSE,-13313.0514905851,26626.1029811702,24301,180,50,765,735,735,"unpenalized_design_rank",FALSE,150,7725.17867727014,7422.23049384778,1470,35433.2816584403,35130.333475018,29178.1029811702,27708.1029811702,3009.34325323324,24301,60,0,0,0,30717.4462344035,29178.1029811702,30717.4462344035,-1.3488841309995,0,35133.03124328,29180.8007494322,-13313.0514905851,"SCR BIC"
"E1_nowcast",1,2128,"Global-EN-D","Global-EN","D","",1,"lag_observed",0,8546,0.587643341914346,0.503778575679388,1.006393601884,0.535591225999262,0.582967733732116,0.583204549196373,0.583069031007061,0.75032449605834,0.587806812464972,0.587643341914346,0.587708884222514,NA,TRUE,0,-24422.4931144102,48844.9862288204,0,1,FALSE,-24422.4931144102,48844.9862288204,24301,1620,50,255,138.60091177531,139,"multinomial_active_hessian_ungrouped",TRUE,48,2575.05955909005,1399.62981476709,277.20182355062,51420.0457879105,50244.6160435875,49122.1880523711,48844.9862288204,1024.28588413714,24301,1620,0,0,0,49869.2721129576,49122.1880523711,49869.2721129576,0,0,50244.6160435875,49122.1880523711,-25179.6304530354,"fixed"
"E1_nowcast",1,2128,"GW-EN-D","GW-EN","D","",0,"lag_observed",111.281,8546,0.746665106482565,0.695107018777951,0.641881801931376,0.34821133688642,0.74545902789269,0.744863296064689,0.74506656914114,0.84704746748369,0.747306295606287,0.746665106482565,0.746894999895928,NA,NA,NA,NA,NA,NA,NA,NA,NA,NA,NA,NA,NA,NA,NA,NA,NA,NA,NA,NA,NA,NA,NA,NA,NA,NA,NA,NA,NA,NA,NA,NA,NA,NA,NA,NA,NA,NA,NA,NA,"fixed"
"E1_nowcast",1,2128,"LightGBM-D","LightGBM","D","",0,"lag_observed",10.2569999999999,8546,0.735080739527264,0.681092255839312,0.721036356332004,0.381498844690769,0.733688038876257,0.73240031126154,0.732917531966234,0.839647548361275,0.735583115304814,0.735080739527264,0.735210647681885,NA,NA,NA,NA,NA,NA,NA,NA,NA,NA,NA,NA,NA,NA,NA,NA,NA,NA,NA,NA,NA,NA,NA,NA,NA,NA,NA,NA,NA,NA,NA,NA,NA,NA,NA,NA,NA,NA,NA,NA,"fixed"
"E1_nowcast",1,2128,"Regency-EN-D","Regency-EN","D","",3,"lag_observed",1.40300000000002,8546,0.757781418207348,0.708477724877058,0.624988299471273,0.337765529186061,0.756743112382867,0.755972793406439,0.7562329742407,0.853714377733645,0.758500003457945,0.757781418207348,0.758021584022468,1,TRUE,0,-14881.2919338134,29762.5838676269,0,1,FALSE,-14881.2919338134,29762.5838676269,24301,180,50,765,189.467370750724,192,"multinomial_active_hessian_ungrouped",TRUE,87,7725.17867727014,1913.29319289141,378.934741501448,37487.762544897,31675.8770605183,30141.5186091283,29762.5838676269,775.744699151745,24301,60,0,0,0,30538.3285667786,30141.5186091283,30538.3285667786,0,0,31675.8770605183,30141.5186091283,-18504.3657628733,"fixed"
"E1_nowcast",1,2128,"SCMR-EN-D-phi1","SCMR-EN","D","phi1",3,"lag_observed",5.38,8546,0.757781418207348,0.708477724877058,0.624988299471273,0.337765529186061,0.756743112382867,0.755972793406439,0.7562329742407,0.853714377733645,0.758500003457945,0.757781418207348,0.758021584022468,1,TRUE,1,-14881.2919338134,29762.5838676269,857,1,FALSE,-14024.2919338134,28048.5838676269,24301,180,50,765,189.467370750724,192,"multinomial_active_hessian_ungrouped",TRUE,87,7725.17867727014,1913.29319289141,378.934741501448,37487.762544897,31675.8770605183,30141.5186091283,29762.5838676269,775.744699151745,24301,60,0,0,0,30538.3285667786,30141.5186091283,30538.3285667786,-0.0574138359599385,0,31675.9918881902,30141.6334368002,-17647.3657628733,"fixed"
"E2_mapping",1,2127,"SCMR-EN-S","SCMR-EN","S","",3,"direct",4.677,7290,0.42002743484225,0.300782212542233,1.39895564777726,0.690117210872907,0.417041081016205,0.412020516558732,0.410897035526114,0.647803184062764,0.421861090739098,0.42002743484225,0.417609598165585,2.5850488578541,TRUE,1,-40526.2645876501,81052.5291753002,704,2.5850488578541,TRUE,-40526.2645877472,81052.5291754944,29239,144,44,675,162.870512666418,164,"multinomial_active_hessian_ungrouped",TRUE,76,6941.19963164793,1674.83961855771,325.741025332836,87993.7288069482,82727.3687938579,81378.2702006331,81052.5291753002,630.504493281324,29239,48,0,0,0,81683.0336685816,81378.2702006331,81683.0336685816,-9.70714827556089e-08,1,82737.6520527656,81380.2702008272,-42024.7094543699,"PLIC-AIC"
"E2_mapping",1,2127,"TwoStage-EN-S","TwoStage-EN","S","",3,"direct",1.462,7290,0.42002743484225,0.300777073163406,1.39903517069859,0.690123043480311,0.417097560896949,0.412020516558732,0.410904803163077,0.647802468076203,0.421896593486671,0.42002743484225,0.417609562730583,1,TRUE,0,-40526.2645876501,81052.5291753002,704,1,FALSE,-39822.2645876501,79644.5291753002,29239,144,44,675,162.870512666418,164,"multinomial_active_hessian_ungrouped",TRUE,76,6941.19963164793,1674.83961855771,325.741025332836,87993.7288069482,82727.3687938579,81378.2702006331,81052.5291753002,630.504493281324,29239,48,0,0,0,81683.0336685816,81378.2702006331,81683.0336685816,-0.040398800937484,0,82727.4495914598,81378.3509982349,-41320.7094542729,"G of SCMR-EN"
"E2_mapping",1,2127,"SCR-original-S","SCR-original","S","",3,"direct",25.336,7290,0.422085048010974,0.303481755521241,1.40531240892445,0.693913891688682,0.416983733730643,0.414281723348826,0.413839777247484,0.649166713466598,0.422414141964435,0.422085048010974,0.420603460892391,1,TRUE,2,-40096.2926898815,80192.5853797629,447,1,FALSE,-39649.2926898815,79298.5853797629,29239,144,44,675,660,660,"unpenalized_design_rank",FALSE,132,6941.19963164793,6786.95075094464,1320,87133.7850114109,86979.5361307076,81512.5853797629,80192.5853797629,2554.99266719921,29239,48,0,0,0,82747.5780469622,81512.5853797629,82747.5780469622,-0.985734646637022,0,86981.5076000009,81514.5568490562,-39649.2926898815,"SCR BIC"
"E2_mapping",1,2127,"Global-EN-S","Global-EN","S","",1,"direct",0,7290,0.314951989026063,0.168142046671271,1.64639725312703,0.78406253925749,0.287461681232572,0.296808597675363,0.280920110285268,0.5791299612954,0.293900612597038,0.314951989026063,0.294190250491384,NA,TRUE,0,-48035.3531566255,96070.706313251,0,1,FALSE,-48035.3531566255,96070.706313251,29239,1296,44,225,96.7924259653735,97,"multinomial_active_hessian_ungrouped",TRUE,42,2313.73321054931,995.341557714311,193.584851930747,98384.4395238003,97066.0478709653,96264.2911651818,96070.706313251,693.714983092054,29239,1296,0,0,0,96764.4212963431,96264.2911651818,96764.4212963431,0,0,97066.0478709653,96264.2911651818,-48406.7744319539,"fixed"
"E2_mapping",1,2127,"GW-EN-S","GW-EN","S","",0,"direct",105.264,7290,0.41358024691358,0.293158705730434,1.41421099284863,0.696724291374029,0.408144990814042,0.405398463560193,0.404373824678997,0.643866627353581,0.413736228479539,0.41358024691358,0.411526769447628,NA,NA,NA,NA,NA,NA,NA,NA,NA,NA,NA,NA,NA,NA,NA,NA,NA,NA,NA,NA,NA,NA,NA,NA,NA,NA,NA,NA,NA,NA,NA,NA,NA,NA,NA,NA,NA,NA,NA,NA,"fixed"
"E2_mapping",1,2127,"LightGBM-S","LightGBM","S","",0,"direct",9.91100000000003,7290,0.391632373113855,0.266083770708845,1.48033032466598,0.721908192581928,0.383833485530834,0.382237826972905,0.381717359635737,0.630025697927115,0.389266367568306,0.391632373113855,0.389256926988901,NA,NA,NA,NA,NA,NA,NA,NA,NA,NA,NA,NA,NA,NA,NA,NA,NA,NA,NA,NA,NA,NA,NA,NA,NA,NA,NA,NA,NA,NA,NA,NA,NA,NA,NA,NA,NA,NA,NA,NA,"fixed"
"E2_mapping",1,2127,"Regency-EN-S","Regency-EN","S","",3,"direct",1.29900000000001,7290,0.42002743484225,0.300782212542233,1.39895564753036,0.690117210855016,0.417041081016205,0.412020516558732,0.410897035526114,0.647803184062764,0.421861090739098,0.42002743484225,0.417609598165585,1,TRUE,0,-40526.2645876501,81052.5291753002,0,1,FALSE,-40526.2645876501,81052.5291753002,29239,144,44,675,162.870512666418,164,"multinomial_active_hessian_ungrouped",TRUE,76,6941.19963164793,1674.83961855771,325.741025332836,87993.7288069482,82727.3687938579,81378.2702006331,81052.5291753002,630.504493281324,29239,48,0,0,0,81683.0336685816,81378.2702006331,81683.0336685816,0,0,82727.3687938579,81378.2702006331,-42024.7094542729,"fixed"
"E2_mapping",1,2127,"SCMR-EN-S-phi1","SCMR-EN","S","phi1",3,"direct",4.628,7290,0.42002743484225,0.300777073163406,1.39903517069859,0.690123043480311,0.417097560896949,0.412020516558732,0.410904803163077,0.647802468076203,0.421896593486671,0.42002743484225,0.417609562730583,1,TRUE,1,-40526.2645876501,81052.5291753002,704,1,FALSE,-39822.2645876501,79644.5291753002,29239,144,44,675,162.870512666418,164,"multinomial_active_hessian_ungrouped",TRUE,76,6941.19963164793,1674.83961855771,325.741025332836,87993.7288069482,82727.3687938579,81378.2702006331,81052.5291753002,630.504493281324,29239,48,0,0,0,81683.0336685816,81378.2702006331,81683.0336685816,-0.040398800937484,0,82727.4495914598,81378.3509982349,-41320.7094542729,"fixed"
"E2_mapping",1,2127,"SCMR-EN-S-unit","SCMR-EN","S","unit",3,"direct",5.676,7290,0.42002743484225,0.300782212542233,1.39895564759636,0.690117210859798,0.417041081016205,0.412020516558732,0.410897035526114,0.647803184062764,0.421861090739098,0.42002743484225,0.417609598165585,2.74995972917921,TRUE,1,-40526.2645876501,81052.5291753002,5192,2.74995972917921,TRUE,-40526.2645883691,81052.5291767381,29239,1296,44,675,162.870512666418,164,"multinomial_active_hessian_ungrouped",TRUE,76,6941.19963164793,1674.83961855771,325.741025332836,87993.7288069482,82727.3687938579,81378.2702006331,81052.5291753002,988.367586635329,29239,432,0,0,0,82040.8967619356,81378.2702006331,82040.8967619356,-7.1894178945635e-07,1,82737.6520540094,81380.270202071,-42024.7094549918,"fixed"
"E3_imputation",1,2129,"SCMR-EN-D","SCMR-EN","D","",3,"impute",7.97900000000004,5248,0.822599085365854,0.786705763066492,0.452122950680306,0.246191515731432,0.821371218587947,0.820696675220829,0.820971794370517,0.892592396069628,0.82250018351718,0.822599085365854,0.822489658395604,2.59187927432151,TRUE,1,-14258.4310168537,28516.8620337074,857,2.59187927432151,TRUE,-14258.4310169902,28516.8620339805,23904,180,50,765,275.281682741124,278,"multinomial_active_hessian_ungrouped",TRUE,124,7712.5778322684,2775.33516854736,550.563365482247,36229.4398659758,31292.1972022547,29067.4253991896,28516.8620337074,1127.09806081047,23904,60,0,0,0,29643.9600945178,29067.4253991896,29643.9600945178,-1.36566248180574e-07,1,31302.2790036158,29069.4253994627,-17039.5431704922,"PLIC-AIC"
"E3_imputation",1,2129,"TwoStage-EN-D","TwoStage-EN","D","",3,"impute",1.61900000000003,5248,0.758384146341463,0.709504249917537,0.621115792442724,0.330731893854027,0.756766744795065,0.756516034780841,0.756565063656421,0.854069741918344,0.758030714352952,0.758384146341463,0.758126617779411,1,TRUE,0,-19054.3231308363,38108.6462616725,836,1,FALSE,-18218.3231308363,36436.6462616725,23904,180,50,765,259.318116795438,262,"multinomial_active_hessian_ungrouped",TRUE,100,7712.5778322684,2614.39367202887,518.636233590877,45821.2240939409,40723.0399337014,38627.2824952634,33695.8170092829,1070.1385272934,23904,60,0,0,0,34765.9555365764,34214.4532428738,34765.9555365764,-2.26151180466571,0,40727.5629573107,38631.8055188727,-20355.0647455456,"G of SCMR-EN"
"E3_imputation",1,2129,"SCR-original-D","SCR-original","D","",3,"impute",34.171,5248,0.822217987804878,0.786288925885784,0.451665340442452,0.247902660234645,0.820661915724558,0.820645284349366,0.820641074047706,0.89254119490853,0.822261932537635,0.822217987804878,0.822227637361371,1,TRUE,2,-13609.082286459,27218.1645729181,541,1,FALSE,-13068.082286459,26136.1645729181,23904,180,50,765,735,735,"unpenalized_design_rank",FALSE,150,7712.5778322684,7410.12379963042,1470,34930.7424051865,34628.2883725485,28688.1645729181,27218.1645729181,3009.34325323324,23904,60,0,0,0,30227.5078261513,28688.1645729181,30227.5078261513,-1.3488841309995,0,34630.9861408105,28690.8623411801,-13068.082286459,"SCR BIC"
"E3_imputation",1,NA,"CarryForward","CarryForward","D","",0,"impute",0,5248,0.40625,0.286222942716756,3.39344873614315,1.16408333333333,0.402943939309795,0.400789335587873,0.401558889984201,0.641012451937484,0.408348415863916,0.40625,0.40700000556469,NA,NA,NA,NA,NA,NA,NA,NA,NA,NA,NA,NA,NA,NA,NA,NA,NA,NA,NA,NA,NA,NA,NA,NA,NA,NA,NA,NA,NA,NA,NA,NA,NA,NA,NA,NA,NA,NA,NA,NA,"fixed"
"E3_imputation",1,2129,"Global-EN-D","Global-EN","D","",1,"impute",0,5248,0.679306402439024,0.614293844306557,0.802026508074734,0.42567433053043,0.676184356463945,0.675269730636711,0.675536291208358,0.805531859560671,0.678423542538143,0.679306402439024,0.678679766458575,NA,TRUE,0,-23823.4372815978,47646.8745631956,0,1,FALSE,-23823.4372815978,47646.8745631956,23904,1620,50,255,157.558246644188,158,"multinomial_active_hessian_ungrouped",TRUE,50,2570.8592774228,1588.47090243012,315.116493288377,50217.7338406184,49235.3454656257,47961.9910564839,47646.8745631956,1164.3840282138,23904,1620,0,0,0,48811.2585914094,47961.9910564839,48811.2585914094,0,0,49235.3454656257,47961.9910564839,-24528.3520173851,"fixed"
