"Design","Fold","Seed","Model","G","Level","Unit","Cluster"
"E2_mapping",1,2127,"DSCMR-EN",3,"segment","320500001",1
"E2_mapping",1,2127,"DSCMR-EN",3,"segment","320500002",1
"E2_mapping",1,2127,"DSCMR-EN",3,"segment","320500003",1
"E2_mapping",1,2127,"DSCMR-EN",3,"segment","320500004",1
"E2_mapping",1,2127,"DSCMR-EN",3,"segment","320500006",1
"E2_mapping",1,2127,"DSCMR-EN",3,"segment","320500008",1
"E2_mapping",1,2127,"DSCMR-EN",3,"segment","320500009",1
"E2_mapping",1,2127,"DSCMR-EN",3,"segment","320500010",1
"E2_mapping",1,2127,"DSCMR-EN",3,"segment","320500011",1
"E2_mapping",1,2127,"DSCMR-EN",3,"segment","320500012",1
"E2_mapping",1,2127,"DSCMR-EN",3,"segment","320500014",1
"E2_mapping",1,2127,"DSCMR-EN",3,"segment","320500015",1
"E2_mapping",1,2127,"DSCMR-EN",3,"segment","320500016",1
"E2_mapping",1,2127,"DSCMR-EN",3,"segment","320500017",1
"E2_mapping",1,2127,"DSCMR-EN",3,"segment","320500018",1
"E2_mapping",1,2127,"DSCMR-EN",3,"segment","320500020",1
"E2_mapping",1,2127,"DSCMR-EN",3,"segment","320500021",1
"E2_mapping",1,2127,"DSCMR-EN",3,"segment","320500022",1
"E2_mapping",1,2127,"DSCMR-EN",3,"segment","320500023",1
"E2_mapping",1,2127,"DSCMR-EN",3,"segment","320500024",1
"E2_mapping",1,2127,"DSCMR-EN",3,"segment","320500025",1
"E2_mapping",1,2127,"DSCMR-EN",3,"segment","320500026",1
"E2_mapping",1,2127,"DSCMR-EN",3,"segment","320500027",1
"E2_mapping",1,2127,"DSCMR-EN",3,"segment","320500028",1
"E2_mapping",1,2127,"DSCMR-EN",3,"segment","320500030",1
"E2_mapping",1,2127,"DSCMR-EN",3,"segment","320500031",1
"E2_mapping",1,2127,"DSCMR-EN",3,"segment","320500032",1
"E2_mapping",1,2127,"DSCMR-EN",3,"segment","320500033",1
"E2_mapping",1,2127,"DSCMR-EN",3,"segment","320500034",1
"E2_mapping",1,2127,"DSCMR-EN",3,"segment","320500035",1
"E2_mapping",1,2127,"DSCMR-EN",3,"segment","320500036",1
"E2_mapping",1,2127,"DSCMR-EN",3,"segment","320500037",1
"E2_mapping",1,2127,"DSCMR-EN",3,"segment","320500038",1
"E2_mapping",1,2127,"DSCMR-EN",3,"segment","320500041",1
"E2_mapping",1,2127,"DSCMR-EN",3,"segment","320500042",1
"E2_mapping",1,2127,"DSCMR-EN",3,"segment","320500043",1
"E2_mapping",1,2127,"DSCMR-EN",3,"segment","320500044",1
"E2_mapping",1,2127,"DSCMR-EN",3,"segment","320500045",1
"E2_mapping",1,2127,"DSCMR-EN",3,"segment","320500048",1
"E2_mapping",1,2127,"DSCMR-EN",3,"segment","320500049",1
"E2_mapping",1,2127,"DSCMR-EN",3,"segment","320500050",1
"E2_mapping",1,2127,"DSCMR-EN",3,"segment","320500051",1
"E2_mapping",1,2127,"DSCMR-EN",3,"segment","320500052",1
"E2_mapping",1,2127,"DSCMR-EN",3,"segment","320500053",1
"E2_mapping",1,2127,"DSCMR-EN",3,"segment","320500056",1
"E2_mapping",1,2127,"DSCMR-EN",3,"segment","320500057",1
"E2_mapping",1,2127,"DSCMR-EN",3,"segment","320500058",1
"E2_mapping",1,2127,"DSCMR-EN",3,"segment","320500060",1
"E2_mapping",1,2127,"DSCMR-EN",3,"segment","321200003",2
"E2_mapping",1,2127,"DSCMR-EN",3,"segment","321200005",2
"E2_mapping",1,2127,"DSCMR-EN",3,"segment","321200006",2
"E2_mapping",1,2127,"DSCMR-EN",3,"segment","321200007",2
"E2_mapping",1,2127,"DSCMR-EN",3,"segment","321200008",2
"E2_mapping",1,2127,"DSCMR-EN",3,"segment","321200010",2
"E2_mapping",1,2127,"DSCMR-EN",3,"segment","321200011",2
"E2_mapping",1,2127,"DSCMR-EN",3,"segment","321200014",2
"E2_mapping",1,2127,"DSCMR-EN",3,"segment","321200016",2
"E2_mapping",1,2127,"DSCMR-EN",3,"segment","321200017",2
"E2_mapping",1,2127,"DSCMR-EN",3,"segment","321200018",2
"E2_mapping",1,2127,"DSCMR-EN",3,"segment","321200019",2
"E2_mapping",1,2127,"DSCMR-EN",3,"segment","321200021",2
"E2_mapping",1,2127,"DSCMR-EN",3,"segment","321200022",2
"E2_mapping",1,2127,"DSCMR-EN",3,"segment","321200023",2
"E2_mapping",1,2127,"DSCMR-EN",3,"segment","321200024",2
"E2_mapping",1,2127,"DSCMR-EN",3,"segment","321200025",2
"E2_mapping",1,2127,"DSCMR-EN",3,"segment","321200027",2
"E2_mapping",1,2127,"DSCMR-EN",3,"segment","321200029",2
"E2_mapping",1,2127,"DSCMR-EN",3,"segment","321200030",2
"E2_mapping",1,2127,"DSCMR-EN",3,"segment","321200031",2
"E2_mapping",1,2127,"DSCMR-EN",3,"segment","321200032",2
"E2_mapping",1,2127,"DSCMR-EN",3,"segment","321200033",2
"E2_mapping",1,2127,"DSCMR-EN",3,"segment","321200034",2
"E2_mapping",1,2127,"DSCMR-EN",3,"segment","321200035",2
"E2_mapping",1,2127,"DSCMR-EN",3,"segment","321200036",2
"E2_mapping",1,2127,"DSCMR-EN",3,"segment","321200037",2
"E2_mapping",1,2127,"DSCMR-EN",3,"segment","321200038",2
"E2_mapping",1,2127,"DSCMR-EN",3,"segment","321200039",2
"E2_mapping",1,2127,"DSCMR-EN",3,"segment","321200040",2
"E2_mapping",1,2127,"DSCMR-EN",3,"segment","321200042",2
"E2_mapping",1,2127,"DSCMR-EN",3,"segment","321200043",2
"E2_mapping",1,2127,"DSCMR-EN",3,"segment","321200044",2
"E2_mapping",1,2127,"DSCMR-EN",3,"segment","321200045",2
"E2_mapping",1,2127,"DSCMR-EN",3,"segment","321200046",2
"E2_mapping",1,2127,"DSCMR-EN",3,"segment","321200047",2
"E2_mapping",1,2127,"DSCMR-EN",3,"segment","321200048",2
"E2_mapping",1,2127,"DSCMR-EN",3,"segment","321200049",2
"E2_mapping",1,2127,"DSCMR-EN",3,"segment","321200050",2
"E2_mapping",1,2127,"DSCMR-EN",3,"segment","321200051",2
"E2_mapping",1,2127,"DSCMR-EN",3,"segment","321200052",2
"E2_mapping",1,2127,"DSCMR-EN",3,"segment","321200053",2
"E2_mapping",1,2127,"DSCMR-EN",3,"segment","321200054",2
"E2_mapping",1,2127,"DSCMR-EN",3,"segment","321200055",2
"E2_mapping",1,2127,"DSCMR-EN",3,"segment","321200056",2
"E2_mapping",1,2127,"DSCMR-EN",3,"segment","321200058",2
"E2_mapping",1,2127,"DSCMR-EN",3,"segment","321200059",2
"E2_mapping",1,2127,"DSCMR-EN",3,"segment","321200060",2
"E2_mapping",1,2127,"DSCMR-EN",3,"segment","617100001",3
"E2_mapping",1,2127,"DSCMR-EN",3,"segment","617100002",3
"E2_mapping",1,2127,"DSCMR-EN",3,"segment","617100003",3
"E2_mapping",1,2127,"DSCMR-EN",3,"segment","617100004",3
"E2_mapping",1,2127,"DSCMR-EN",3,"segment","617100005",3
"E2_mapping",1,2127,"DSCMR-EN",3,"segment","617100007",3
"E2_mapping",1,2127,"DSCMR-EN",3,"segment","617100008",3
"E2_mapping",1,2127,"DSCMR-EN",3,"segment","617100009",3
"E2_mapping",1,2127,"DSCMR-EN",3,"segment","617100011",3
"E2_mapping",1,2127,"DSCMR-EN",3,"segment","617100012",3
"E2_mapping",1,2127,"DSCMR-EN",3,"segment","617100013",3
"E2_mapping",1,2127,"DSCMR-EN",3,"segment","617100014",3
"E2_mapping",1,2127,"DSCMR-EN",3,"segment","617100016",3
"E2_mapping",1,2127,"DSCMR-EN",3,"segment","617100017",3
"E2_mapping",1,2127,"DSCMR-EN",3,"segment","617100018",3
"E2_mapping",1,2127,"DSCMR-EN",3,"segment","617100019",3
"E2_mapping",1,2127,"DSCMR-EN",3,"segment","617100022",3
"E2_mapping",1,2127,"DSCMR-EN",3,"segment","617100023",3
"E2_mapping",1,2127,"DSCMR-EN",3,"segment","617100024",3
"E2_mapping",1,2127,"DSCMR-EN",3,"segment","617100025",3
"E2_mapping",1,2127,"DSCMR-EN",3,"segment","617100026",3
"E2_mapping",1,2127,"DSCMR-EN",3,"segment","617100027",3
"E2_mapping",1,2127,"DSCMR-EN",3,"segment","617100029",3
"E2_mapping",1,2127,"DSCMR-EN",3,"segment","617100030",3
"E2_mapping",1,2127,"DSCMR-EN",3,"segment","617100031",3
"E2_mapping",1,2127,"DSCMR-EN",3,"segment","617100032",3
"E2_mapping",1,2127,"DSCMR-EN",3,"segment","617100036",3
"E2_mapping",1,2127,"DSCMR-EN",3,"segment","617100037",3
"E2_mapping",1,2127,"DSCMR-EN",3,"segment","617100039",3
"E2_mapping",1,2127,"DSCMR-EN",3,"segment","617100040",3
"E2_mapping",1,2127,"DSCMR-EN",3,"segment","617100041",3
"E2_mapping",1,2127,"DSCMR-EN",3,"segment","617100042",3
"E2_mapping",1,2127,"DSCMR-EN",3,"segment","617100043",3
"E2_mapping",1,2127,"DSCMR-EN",3,"segment","617100044",3
"E2_mapping",1,2127,"DSCMR-EN",3,"segment","617100045",3
"E2_mapping",1,2127,"DSCMR-EN",3,"segment","617100046",3
"E2_mapping",1,2127,"DSCMR-EN",3,"segment","617100047",3
"E2_mapping",1,2127,"DSCMR-EN",3,"segment","617100048",3
"E2_mapping",1,2127,"DSCMR-EN",3,"segment","617100049",3
"E2_mapping",1,2127,"DSCMR-EN",3,"segment","617100050",3
"E2_mapping",1,2127,"DSCMR-EN",3,"segment","617100051",3
"E2_mapping",1,2127,"DSCMR-EN",3,"segment","617100052",3
"E2_mapping",1,2127,"DSCMR-EN",3,"segment","617100054",3
"E2_mapping",1,2127,"DSCMR-EN",3,"segment","617100055",3
"E2_mapping",1,2127,"DSCMR-EN",3,"segment","617100057",3
"E2_mapping",1,2127,"DSCMR-EN",3,"segment","617100058",3
"E2_mapping",1,2127,"DSCMR-EN",3,"segment","617100059",3
"E2_mapping",1,2127,"DSCMR-EN",3,"segment","617100060",3
"E2_mapping",1,2127,"DSCMR-EN-phi1",3,"segment","320500001",1
"E2_mapping",1,2127,"DSCMR-EN-phi1",3,"segment","320500002",1
"E2_mapping",1,2127,"DSCMR-EN-phi1",3,"segment","320500003",1
"E2_mapping",1,2127,"DSCMR-EN-phi1",3,"segment","320500004",1
"E2_mapping",1,2127,"DSCMR-EN-phi1",3,"segment","320500006",1
"E2_mapping",1,2127,"DSCMR-EN-phi1",3,"segment","320500008",1
"E2_mapping",1,2127,"DSCMR-EN-phi1",3,"segment","320500009",1
"E2_mapping",1,2127,"DSCMR-EN-phi1",3,"segment","320500010",1
"E2_mapping",1,2127,"DSCMR-EN-phi1",3,"segment","320500011",1
"E2_mapping",1,2127,"DSCMR-EN-phi1",3,"segment","320500012",1
"E2_mapping",1,2127,"DSCMR-EN-phi1",3,"segment","320500014",1
"E2_mapping",1,2127,"DSCMR-EN-phi1",3,"segment","320500015",1
"E2_mapping",1,2127,"DSCMR-EN-phi1",3,"segment","320500016",1
"E2_mapping",1,2127,"DSCMR-EN-phi1",3,"segment","320500017",1
"E2_mapping",1,2127,"DSCMR-EN-phi1",3,"segment","320500018",1
"E2_mapping",1,2127,"DSCMR-EN-phi1",3,"segment","320500020",1
"E2_mapping",1,2127,"DSCMR-EN-phi1",3,"segment","320500021",1
"E2_mapping",1,2127,"DSCMR-EN-phi1",3,"segment","320500022",1
"E2_mapping",1,2127,"DSCMR-EN-phi1",3,"segment","320500023",1
"E2_mapping",1,2127,"DSCMR-EN-phi1",3,"segment","320500024",1
"E2_mapping",1,2127,"DSCMR-EN-phi1",3,"segment","320500025",1
"E2_mapping",1,2127,"DSCMR-EN-phi1",3,"segment","320500026",1
"E2_mapping",1,2127,"DSCMR-EN-phi1",3,"segment","320500027",1
"E2_mapping",1,2127,"DSCMR-EN-phi1",3,"segment","320500028",1
"E2_mapping",1,2127,"DSCMR-EN-phi1",3,"segment","320500030",1
"E2_mapping",1,2127,"DSCMR-EN-phi1",3,"segment","320500031",1
"E2_mapping",1,2127,"DSCMR-EN-phi1",3,"segment","320500032",1
"E2_mapping",1,2127,"DSCMR-EN-phi1",3,"segment","320500033",1
"E2_mapping",1,2127,"DSCMR-EN-phi1",3,"segment","320500034",1
"E2_mapping",1,2127,"DSCMR-EN-phi1",3,"segment","320500035",1
"E2_mapping",1,2127,"DSCMR-EN-phi1",3,"segment","320500036",1
"E2_mapping",1,2127,"DSCMR-EN-phi1",3,"segment","320500037",1
"E2_mapping",1,2127,"DSCMR-EN-phi1",3,"segment","320500038",1
"E2_mapping",1,2127,"DSCMR-EN-phi1",3,"segment","320500041",1
"E2_mapping",1,2127,"DSCMR-EN-phi1",3,"segment","320500042",1
"E2_mapping",1,2127,"DSCMR-EN-phi1",3,"segment","320500043",1
"E2_mapping",1,2127,"DSCMR-EN-phi1",3,"segment","320500044",1
"E2_mapping",1,2127,"DSCMR-EN-phi1",3,"segment","320500045",1
"E2_mapping",1,2127,"DSCMR-EN-phi1",3,"segment","320500048",1
"E2_mapping",1,2127,"DSCMR-EN-phi1",3,"segment","320500049",1
"E2_mapping",1,2127,"DSCMR-EN-phi1",3,"segment","320500050",1
"E2_mapping",1,2127,"DSCMR-EN-phi1",3,"segment","320500051",1
"E2_mapping",1,2127,"DSCMR-EN-phi1",3,"segment","320500052",1
"E2_mapping",1,2127,"DSCMR-EN-phi1",3,"segment","320500053",1
"E2_mapping",1,2127,"DSCMR-EN-phi1",3,"segment","320500056",1
"E2_mapping",1,2127,"DSCMR-EN-phi1",3,"segment","320500057",1
"E2_mapping",1,2127,"DSCMR-EN-phi1",3,"segment","320500058",1
"E2_mapping",1,2127,"DSCMR-EN-phi1",3,"segment","320500060",1
"E2_mapping",1,2127,"DSCMR-EN-phi1",3,"segment","321200003",2
"E2_mapping",1,2127,"DSCMR-EN-phi1",3,"segment","321200005",2
"E2_mapping",1,2127,"DSCMR-EN-phi1",3,"segment","321200006",2
"E2_mapping",1,2127,"DSCMR-EN-phi1",3,"segment","321200007",2
"E2_mapping",1,2127,"DSCMR-EN-phi1",3,"segment","321200008",2
"E2_mapping",1,2127,"DSCMR-EN-phi1",3,"segment","321200010",2
"E2_mapping",1,2127,"DSCMR-EN-phi1",3,"segment","321200011",2
"E2_mapping",1,2127,"DSCMR-EN-phi1",3,"segment","321200014",2
"E2_mapping",1,2127,"DSCMR-EN-phi1",3,"segment","321200016",2
"E2_mapping",1,2127,"DSCMR-EN-phi1",3,"segment","321200017",2
"E2_mapping",1,2127,"DSCMR-EN-phi1",3,"segment","321200018",2
"E2_mapping",1,2127,"DSCMR-EN-phi1",3,"segment","321200019",2
"E2_mapping",1,2127,"DSCMR-EN-phi1",3,"segment","321200021",2
"E2_mapping",1,2127,"DSCMR-EN-phi1",3,"segment","321200022",2
"E2_mapping",1,2127,"DSCMR-EN-phi1",3,"segment","321200023",2
"E2_mapping",1,2127,"DSCMR-EN-phi1",3,"segment","321200024",2
"E2_mapping",1,2127,"DSCMR-EN-phi1",3,"segment","321200025",2
"E2_mapping",1,2127,"DSCMR-EN-phi1",3,"segment","321200027",2
"E2_mapping",1,2127,"DSCMR-EN-phi1",3,"segment","321200029",2
"E2_mapping",1,2127,"DSCMR-EN-phi1",3,"segment","321200030",2
"E2_mapping",1,2127,"DSCMR-EN-phi1",3,"segment","321200031",2
"E2_mapping",1,2127,"DSCMR-EN-phi1",3,"segment","321200032",2
"E2_mapping",1,2127,"DSCMR-EN-phi1",3,"segment","321200033",2
"E2_mapping",1,2127,"DSCMR-EN-phi1",3,"segment","321200034",2
"E2_mapping",1,2127,"DSCMR-EN-phi1",3,"segment","321200035",2
"E2_mapping",1,2127,"DSCMR-EN-phi1",3,"segment","321200036",2
"E2_mapping",1,2127,"DSCMR-EN-phi1",3,"segment","321200037",2
"E2_mapping",1,2127,"DSCMR-EN-phi1",3,"segment","321200038",2
"E2_mapping",1,2127,"DSCMR-EN-phi1",3,"segment","321200039",2
"E2_mapping",1,2127,"DSCMR-EN-phi1",3,"segment","321200040",2
"E2_mapping",1,2127,"DSCMR-EN-phi1",3,"segment","321200042",2
"E2_mapping",1,2127,"DSCMR-EN-phi1",3,"segment","321200043",2
"E2_mapping",1,2127,"DSCMR-EN-phi1",3,"segment","321200044",2
"E2_mapping",1,2127,"DSCMR-EN-phi1",3,"segment","321200045",2
"E2_mapping",1,2127,"DSCMR-EN-phi1",3,"segment","321200046",2
"E2_mapping",1,2127,"DSCMR-EN-phi1",3,"segment","321200047",2
"E2_mapping",1,2127,"DSCMR-EN-phi1",3,"segment","321200048",2
"E2_mapping",1,2127,"DSCMR-EN-phi1",3,"segment","321200049",2
"E2_mapping",1,2127,"DSCMR-EN-phi1",3,"segment","321200050",2
"E2_mapping",1,2127,"DSCMR-EN-phi1",3,"segment","321200051",2
"E2_mapping",1,2127,"DSCMR-EN-phi1",3,"segment","321200052",2
"E2_mapping",1,2127,"DSCMR-EN-phi1",3,"segment","321200053",2
"E2_mapping",1,2127,"DSCMR-EN-phi1",3,"segment","321200054",2
"E2_mapping",1,2127,"DSCMR-EN-phi1",3,"segment","321200055",2
"E2_mapping",1,2127,"DSCMR-EN-phi1",3,"segment","321200056",2
"E2_mapping",1,2127,"DSCMR-EN-phi1",3,"segment","321200058",2
"E2_mapping",1,2127,"DSCMR-EN-phi1",3,"segment","321200059",2
"E2_mapping",1,2127,"DSCMR-EN-phi1",3,"segment","321200060",2
"E2_mapping",1,2127,"DSCMR-EN-phi1",3,"segment","617100001",3
"E2_mapping",1,2127,"DSCMR-EN-phi1",3,"segment","617100002",3
"E2_mapping",1,2127,"DSCMR-EN-phi1",3,"segment","617100003",3
"E2_mapping",1,2127,"DSCMR-EN-phi1",3,"segment","617100004",3
"E2_mapping",1,2127,"DSCMR-EN-phi1",3,"segment","617100005",3
"E2_mapping",1,2127,"DSCMR-EN-phi1",3,"segment","617100007",3
"E2_mapping",1,2127,"DSCMR-EN-phi1",3,"segment","617100008",3
"E2_mapping",1,2127,"DSCMR-EN-phi1",3,"segment","617100009",3
"E2_mapping",1,2127,"DSCMR-EN-phi1",3,"segment","617100011",3
"E2_mapping",1,2127,"DSCMR-EN-phi1",3,"segment","617100012",3
"E2_mapping",1,2127,"DSCMR-EN-phi1",3,"segment","617100013",3
"E2_mapping",1,2127,"DSCMR-EN-phi1",3,"segment","617100014",3
"E2_mapping",1,2127,"DSCMR-EN-phi1",3,"segment","617100016",3
"E2_mapping",1,2127,"DSCMR-EN-phi1",3,"segment","617100017",3
"E2_mapping",1,2127,"DSCMR-EN-phi1",3,"segment","617100018",3
"E2_mapping",1,2127,"DSCMR-EN-phi1",3,"segment","617100019",3
"E2_mapping",1,2127,"DSCMR-EN-phi1",3,"segment","617100022",3
"E2_mapping",1,2127,"DSCMR-EN-phi1",3,"segment","617100023",3
"E2_mapping",1,2127,"DSCMR-EN-phi1",3,"segment","617100024",3
"E2_mapping",1,2127,"DSCMR-EN-phi1",3,"segment","617100025",3
"E2_mapping",1,2127,"DSCMR-EN-phi1",3,"segment","617100026",3
"E2_mapping",1,2127,"DSCMR-EN-phi1",3,"segment","617100027",3
"E2_mapping",1,2127,"DSCMR-EN-phi1",3,"segment","617100029",3
"E2_mapping",1,2127,"DSCMR-EN-phi1",3,"segment","617100030",3
"E2_mapping",1,2127,"DSCMR-EN-phi1",3,"segment","617100031",3
"E2_mapping",1,2127,"DSCMR-EN-phi1",3,"segment","617100032",3
"E2_mapping",1,2127,"DSCMR-EN-phi1",3,"segment","617100036",3
"E2_mapping",1,2127,"DSCMR-EN-phi1",3,"segment","617100037",3
"E2_mapping",1,2127,"DSCMR-EN-phi1",3,"segment","617100039",3
"E2_mapping",1,2127,"DSCMR-EN-phi1",3,"segment","617100040",3
"E2_mapping",1,2127,"DSCMR-EN-phi1",3,"segment","617100041",3
"E2_mapping",1,2127,"DSCMR-EN-phi1",3,"segment","617100042",3
"E2_mapping",1,2127,"DSCMR-EN-phi1",3,"segment","617100043",3
"E2_mapping",1,2127,"DSCMR-EN-phi1",3,"segment","617100044",3
"E2_mapping",1,2127,"DSCMR-EN-phi1",3,"segment","617100045",3
"E2_mapping",1,2127,"DSCMR-EN-phi1",3,"segment","617100046",3
"E2_mapping",1,2127,"DSCMR-EN-phi1",3,"segment","617100047",3
"E2_mapping",1,2127,"DSCMR-EN-phi1",3,"segment","617100048",3
"E2_mapping",1,2127,"DSCMR-EN-phi1",3,"segment","617100049",3
"E2_mapping",1,2127,"DSCMR-EN-phi1",3,"segment","617100050",3
"E2_mapping",1,2127,"DSCMR-EN-phi1",3,"segment","617100051",3
"E2_mapping",1,2127,"DSCMR-EN-phi1",3,"segment","617100052",3
"E2_mapping",1,2127,"DSCMR-EN-phi1",3,"segment","617100054",3
"E2_mapping",1,2127,"DSCMR-EN-phi1",3,"segment","617100055",3
"E2_mapping",1,2127,"DSCMR-EN-phi1",3,"segment","617100057",3
"E2_mapping",1,2127,"DSCMR-EN-phi1",3,"segment","617100058",3
"E2_mapping",1,2127,"DSCMR-EN-phi1",3,"segment","617100059",3
"E2_mapping",1,2127,"DSCMR-EN-phi1",3,"segment","617100060",3
"E2_mapping",1,2127,"SCMR-EN-static",3,"segment","320500001",1
"E2_mapping",1,2127,"SCMR-EN-static",3,"segment","320500002",1
"E2_mapping",1,2127,"SCMR-EN-static",3,"segment","320500003",1
"E2_mapping",1,2127,"SCMR-EN-static",3,"segment","320500004",1
"E2_mapping",1,2127,"SCMR-EN-static",3,"segment","320500006",1
"E2_mapping",1,2127,"SCMR-EN-static",3,"segment","320500008",1
"E2_mapping",1,2127,"SCMR-EN-static",3,"segment","320500009",1
"E2_mapping",1,2127,"SCMR-EN-static",3,"segment","320500010",1
"E2_mapping",1,2127,"SCMR-EN-static",3,"segment","320500011",1
"E2_mapping",1,2127,"SCMR-EN-static",3,"segment","320500012",1
"E2_mapping",1,2127,"SCMR-EN-static",3,"segment","320500014",1
"E2_mapping",1,2127,"SCMR-EN-static",3,"segment","320500015",1
"E2_mapping",1,2127,"SCMR-EN-static",3,"segment","320500016",1
"E2_mapping",1,2127,"SCMR-EN-static",3,"segment","320500017",1
"E2_mapping",1,2127,"SCMR-EN-static",3,"segment","320500018",1
"E2_mapping",1,2127,"SCMR-EN-static",3,"segment","320500020",1
"E2_mapping",1,2127,"SCMR-EN-static",3,"segment","320500021",1
"E2_mapping",1,2127,"SCMR-EN-static",3,"segment","320500022",1
"E2_mapping",1,2127,"SCMR-EN-static",3,"segment","320500023",1
"E2_mapping",1,2127,"SCMR-EN-static",3,"segment","320500024",1
"E2_mapping",1,2127,"SCMR-EN-static",3,"segment","320500025",1
"E2_mapping",1,2127,"SCMR-EN-static",3,"segment","320500026",1
"E2_mapping",1,2127,"SCMR-EN-static",3,"segment","320500027",1
"E2_mapping",1,2127,"SCMR-EN-static",3,"segment","320500028",1
"E2_mapping",1,2127,"SCMR-EN-static",3,"segment","320500030",1
"E2_mapping",1,2127,"SCMR-EN-static",3,"segment","320500031",1
"E2_mapping",1,2127,"SCMR-EN-static",3,"segment","320500032",1
"E2_mapping",1,2127,"SCMR-EN-static",3,"segment","320500033",1
"E2_mapping",1,2127,"SCMR-EN-static",3,"segment","320500034",1
"E2_mapping",1,2127,"SCMR-EN-static",3,"segment","320500035",1
"E2_mapping",1,2127,"SCMR-EN-static",3,"segment","320500036",1
"E2_mapping",1,2127,"SCMR-EN-static",3,"segment","320500037",1
"E2_mapping",1,2127,"SCMR-EN-static",3,"segment","320500038",1
"E2_mapping",1,2127,"SCMR-EN-static",3,"segment","320500041",1
"E2_mapping",1,2127,"SCMR-EN-static",3,"segment","320500042",1
"E2_mapping",1,2127,"SCMR-EN-static",3,"segment","320500043",1
"E2_mapping",1,2127,"SCMR-EN-static",3,"segment","320500044",1
"E2_mapping",1,2127,"SCMR-EN-static",3,"segment","320500045",1
"E2_mapping",1,2127,"SCMR-EN-static",3,"segment","320500048",1
"E2_mapping",1,2127,"SCMR-EN-static",3,"segment","320500049",1
"E2_mapping",1,2127,"SCMR-EN-static",3,"segment","320500050",1
"E2_mapping",1,2127,"SCMR-EN-static",3,"segment","320500051",1
"E2_mapping",1,2127,"SCMR-EN-static",3,"segment","320500052",1
"E2_mapping",1,2127,"SCMR-EN-static",3,"segment","320500053",1
"E2_mapping",1,2127,"SCMR-EN-static",3,"segment","320500056",1
"E2_mapping",1,2127,"SCMR-EN-static",3,"segment","320500057",1
"E2_mapping",1,2127,"SCMR-EN-static",3,"segment","320500058",1
"E2_mapping",1,2127,"SCMR-EN-static",3,"segment","320500060",1
"E2_mapping",1,2127,"SCMR-EN-static",3,"segment","321200003",2
"E2_mapping",1,2127,"SCMR-EN-static",3,"segment","321200005",2
"E2_mapping",1,2127,"SCMR-EN-static",3,"segment","321200006",2
"E2_mapping",1,2127,"SCMR-EN-static",3,"segment","321200007",2
"E2_mapping",1,2127,"SCMR-EN-static",3,"segment","321200008",2
"E2_mapping",1,2127,"SCMR-EN-static",3,"segment","321200010",2
"E2_mapping",1,2127,"SCMR-EN-static",3,"segment","321200011",2
"E2_mapping",1,2127,"SCMR-EN-static",3,"segment","321200014",2
"E2_mapping",1,2127,"SCMR-EN-static",3,"segment","321200016",2
"E2_mapping",1,2127,"SCMR-EN-static",3,"segment","321200017",2
"E2_mapping",1,2127,"SCMR-EN-static",3,"segment","321200018",2
"E2_mapping",1,2127,"SCMR-EN-static",3,"segment","321200019",2
"E2_mapping",1,2127,"SCMR-EN-static",3,"segment","321200021",2
"E2_mapping",1,2127,"SCMR-EN-static",3,"segment","321200022",2
"E2_mapping",1,2127,"SCMR-EN-static",3,"segment","321200023",2
"E2_mapping",1,2127,"SCMR-EN-static",3,"segment","321200024",2
"E2_mapping",1,2127,"SCMR-EN-static",3,"segment","321200025",2
"E2_mapping",1,2127,"SCMR-EN-static",3,"segment","321200027",2
"E2_mapping",1,2127,"SCMR-EN-static",3,"segment","321200029",2
"E2_mapping",1,2127,"SCMR-EN-static",3,"segment","321200030",2
"E2_mapping",1,2127,"SCMR-EN-static",3,"segment","321200031",2
"E2_mapping",1,2127,"SCMR-EN-static",3,"segment","321200032",2
"E2_mapping",1,2127,"SCMR-EN-static",3,"segment","321200033",2
"E2_mapping",1,2127,"SCMR-EN-static",3,"segment","321200034",2
"E2_mapping",1,2127,"SCMR-EN-static",3,"segment","321200035",2
"E2_mapping",1,2127,"SCMR-EN-static",3,"segment","321200036",2
"E2_mapping",1,2127,"SCMR-EN-static",3,"segment","321200037",2
"E2_mapping",1,2127,"SCMR-EN-static",3,"segment","321200038",2
"E2_mapping",1,2127,"SCMR-EN-static",3,"segment","321200039",2
"E2_mapping",1,2127,"SCMR-EN-static",3,"segment","321200040",2
"E2_mapping",1,2127,"SCMR-EN-static",3,"segment","321200042",2
"E2_mapping",1,2127,"SCMR-EN-static",3,"segment","321200043",2
"E2_mapping",1,2127,"SCMR-EN-static",3,"segment","321200044",2
"E2_mapping",1,2127,"SCMR-EN-static",3,"segment","321200045",2
"E2_mapping",1,2127,"SCMR-EN-static",3,"segment","321200046",2
"E2_mapping",1,2127,"SCMR-EN-static",3,"segment","321200047",2
"E2_mapping",1,2127,"SCMR-EN-static",3,"segment","321200048",2
"E2_mapping",1,2127,"SCMR-EN-static",3,"segment","321200049",2
"E2_mapping",1,2127,"SCMR-EN-static",3,"segment","321200050",2
"E2_mapping",1,2127,"SCMR-EN-static",3,"segment","321200051",2
"E2_mapping",1,2127,"SCMR-EN-static",3,"segment","321200052",2
"E2_mapping",1,2127,"SCMR-EN-static",3,"segment","321200053",2
"E2_mapping",1,2127,"SCMR-EN-static",3,"segment","321200054",2
"E2_mapping",1,2127,"SCMR-EN-static",3,"segment","321200055",2
"E2_mapping",1,2127,"SCMR-EN-static",3,"segment","321200056",2
"E2_mapping",1,2127,"SCMR-EN-static",3,"segment","321200058",2
"E2_mapping",1,2127,"SCMR-EN-static",3,"segment","321200059",2
"E2_mapping",1,2127,"SCMR-EN-static",3,"segment","321200060",2
"E2_mapping",1,2127,"SCMR-EN-static",3,"segment","617100001",3
"E2_mapping",1,2127,"SCMR-EN-static",3,"segment","617100002",3
"E2_mapping",1,2127,"SCMR-EN-static",3,"segment","617100003",3
"E2_mapping",1,2127,"SCMR-EN-static",3,"segment","617100004",3
"E2_mapping",1,2127,"SCMR-EN-static",3,"segment","617100005",3
"E2_mapping",1,2127,"SCMR-EN-static",3,"segment","617100007",3
"E2_mapping",1,2127,"SCMR-EN-static",3,"segment","617100008",3
"E2_mapping",1,2127,"SCMR-EN-static",3,"segment","617100009",3
"E2_mapping",1,2127,"SCMR-EN-static",3,"segment","617100011",3
"E2_mapping",1,2127,"SCMR-EN-static",3,"segment","617100012",3
"E2_mapping",1,2127,"SCMR-EN-static",3,"segment","617100013",3
"E2_mapping",1,2127,"SCMR-EN-static",3,"segment","617100014",3
"E2_mapping",1,2127,"SCMR-EN-static",3,"segment","617100016",3
"E2_mapping",1,2127,"SCMR-EN-static",3,"segment","617100017",3
"E2_mapping",1,2127,"SCMR-EN-static",3,"segment","617100018",3
"E2_mapping",1,2127,"SCMR-EN-static",3,"segment","617100019",3
"E2_mapping",1,2127,"SCMR-EN-static",3,"segment","617100022",3
"E2_mapping",1,2127,"SCMR-EN-static",3,"segment","617100023",3
"E2_mapping",1,2127,"SCMR-EN-static",3,"segment","617100024",3
"E2_mapping",1,2127,"SCMR-EN-static",3,"segment","617100025",3
"E2_mapping",1,2127,"SCMR-EN-static",3,"segment","617100026",3
"E2_mapping",1,2127,"SCMR-EN-static",3,"segment","617100027",3
"E2_mapping",1,2127,"SCMR-EN-static",3,"segment","617100029",3
"E2_mapping",1,2127,"SCMR-EN-static",3,"segment","617100030",3
"E2_mapping",1,2127,"SCMR-EN-static",3,"segment","617100031",3
"E2_mapping",1,2127,"SCMR-EN-static",3,"segment","617100032",3
"E2_mapping",1,2127,"SCMR-EN-static",3,"segment","617100036",3
"E2_mapping",1,2127,"SCMR-EN-static",3,"segment","617100037",3
"E2_mapping",1,2127,"SCMR-EN-static",3,"segment","617100039",3
"E2_mapping",1,2127,"SCMR-EN-static",3,"segment","617100040",3
"E2_mapping",1,2127,"SCMR-EN-static",3,"segment","617100041",3
"E2_mapping",1,2127,"SCMR-EN-static",3,"segment","617100042",3
"E2_mapping",1,2127,"SCMR-EN-static",3,"segment","617100043",3
"E2_mapping",1,2127,"SCMR-EN-static",3,"segment","617100044",3
"E2_mapping",1,2127,"SCMR-EN-static",3,"segment","617100045",3
"E2_mapping",1,2127,"SCMR-EN-static",3,"segment","617100046",3
"E2_mapping",1,2127,"SCMR-EN-static",3,"segment","617100047",3
"E2_mapping",1,2127,"SCMR-EN-static",3,"segment","617100048",3
"E2_mapping",1,2127,"SCMR-EN-static",3,"segment","617100049",3
"E2_mapping",1,2127,"SCMR-EN-static",3,"segment","617100050",3
"E2_mapping",1,2127,"SCMR-EN-static",3,"segment","617100051",3
"E2_mapping",1,2127,"SCMR-EN-static",3,"segment","617100052",3
"E2_mapping",1,2127,"SCMR-EN-static",3,"segment","617100054",3
"E2_mapping",1,2127,"SCMR-EN-static",3,"segment","617100055",3
"E2_mapping",1,2127,"SCMR-EN-static",3,"segment","617100057",3
"E2_mapping",1,2127,"SCMR-EN-static",3,"segment","617100058",3
"E2_mapping",1,2127,"SCMR-EN-static",3,"segment","617100059",3
"E2_mapping",1,2127,"SCMR-EN-static",3,"segment","617100060",3
"E2_mapping",1,2127,"SCR-original",3,"segment","320500001",2
"E2_mapping",1,2127,"SCR-original",3,"segment","320500002",2
"E2_mapping",1,2127,"SCR-original",3,"segment","320500003",2
"E2_mapping",1,2127,"SCR-original",3,"segment","320500004",2
"E2_mapping",1,2127,"SCR-original",3,"segment","320500006",2
"E2_mapping",1,2127,"SCR-original",3,"segment","320500008",2
"E2_mapping",1,2127,"SCR-original",3,"segment","320500009",2
"E2_mapping",1,2127,"SCR-original",3,"segment","320500010",2
"E2_mapping",1,2127,"SCR-original",3,"segment","320500011",2
"E2_mapping",1,2127,"SCR-original",3,"segment","320500012",2
"E2_mapping",1,2127,"SCR-original",3,"segment","320500014",2
"E2_mapping",1,2127,"SCR-original",3,"segment","320500015",2
"E2_mapping",1,2127,"SCR-original",3,"segment","320500016",2
"E2_mapping",1,2127,"SCR-original",3,"segment","320500017",2
"E2_mapping",1,2127,"SCR-original",3,"segment","320500018",2
"E2_mapping",1,2127,"SCR-original",3,"segment","320500020",2
"E2_mapping",1,2127,"SCR-original",3,"segment","320500021",2
"E2_mapping",1,2127,"SCR-original",3,"segment","320500022",2
"E2_mapping",1,2127,"SCR-original",3,"segment","320500023",2
"E2_mapping",1,2127,"SCR-original",3,"segment","320500024",2
"E2_mapping",1,2127,"SCR-original",3,"segment","320500025",2
"E2_mapping",1,2127,"SCR-original",3,"segment","320500026",2
"E2_mapping",1,2127,"SCR-original",3,"segment","320500027",2
"E2_mapping",1,2127,"SCR-original",3,"segment","320500028",2
"E2_mapping",1,2127,"SCR-original",3,"segment","320500030",2
"E2_mapping",1,2127,"SCR-original",3,"segment","320500031",2
"E2_mapping",1,2127,"SCR-original",3,"segment","320500032",2
"E2_mapping",1,2127,"SCR-original",3,"segment","320500033",2
"E2_mapping",1,2127,"SCR-original",3,"segment","320500034",2
"E2_mapping",1,2127,"SCR-original",3,"segment","320500035",2
"E2_mapping",1,2127,"SCR-original",3,"segment","320500036",2
"E2_mapping",1,2127,"SCR-original",3,"segment","320500037",2
"E2_mapping",1,2127,"SCR-original",3,"segment","320500038",2
"E2_mapping",1,2127,"SCR-original",3,"segment","320500041",2
"E2_mapping",1,2127,"SCR-original",3,"segment","320500042",2
"E2_mapping",1,2127,"SCR-original",3,"segment","320500043",2
"E2_mapping",1,2127,"SCR-original",3,"segment","320500044",2
"E2_mapping",1,2127,"SCR-original",3,"segment","320500045",2
"E2_mapping",1,2127,"SCR-original",3,"segment","320500048",2
"E2_mapping",1,2127,"SCR-original",3,"segment","320500049",2
"E2_mapping",1,2127,"SCR-original",3,"segment","320500050",2
"E2_mapping",1,2127,"SCR-original",3,"segment","320500051",2
"E2_mapping",1,2127,"SCR-original",3,"segment","320500052",2
"E2_mapping",1,2127,"SCR-original",3,"segment","320500053",2
"E2_mapping",1,2127,"SCR-original",3,"segment","320500056",2
"E2_mapping",1,2127,"SCR-original",3,"segment","320500057",2
"E2_mapping",1,2127,"SCR-original",3,"segment","320500058",2
"E2_mapping",1,2127,"SCR-original",3,"segment","320500060",2
"E2_mapping",1,2127,"SCR-original",3,"segment","321200003",1
"E2_mapping",1,2127,"SCR-original",3,"segment","321200005",1
"E2_mapping",1,2127,"SCR-original",3,"segment","321200006",1
"E2_mapping",1,2127,"SCR-original",3,"segment","321200007",1
"E2_mapping",1,2127,"SCR-original",3,"segment","321200008",1
"E2_mapping",1,2127,"SCR-original",3,"segment","321200010",1
"E2_mapping",1,2127,"SCR-original",3,"segment","321200011",1
"E2_mapping",1,2127,"SCR-original",3,"segment","321200014",1
"E2_mapping",1,2127,"SCR-original",3,"segment","321200016",1
"E2_mapping",1,2127,"SCR-original",3,"segment","321200017",1
"E2_mapping",1,2127,"SCR-original",3,"segment","321200018",1
"E2_mapping",1,2127,"SCR-original",3,"segment","321200019",1
"E2_mapping",1,2127,"SCR-original",3,"segment","321200021",1
"E2_mapping",1,2127,"SCR-original",3,"segment","321200022",1
"E2_mapping",1,2127,"SCR-original",3,"segment","321200023",1
"E2_mapping",1,2127,"SCR-original",3,"segment","321200024",1
"E2_mapping",1,2127,"SCR-original",3,"segment","321200025",1
"E2_mapping",1,2127,"SCR-original",3,"segment","321200027",1
"E2_mapping",1,2127,"SCR-original",3,"segment","321200029",1
"E2_mapping",1,2127,"SCR-original",3,"segment","321200030",1
"E2_mapping",1,2127,"SCR-original",3,"segment","321200031",1
"E2_mapping",1,2127,"SCR-original",3,"segment","321200032",1
"E2_mapping",1,2127,"SCR-original",3,"segment","321200033",1
"E2_mapping",1,2127,"SCR-original",3,"segment","321200034",1
"E2_mapping",1,2127,"SCR-original",3,"segment","321200035",1
"E2_mapping",1,2127,"SCR-original",3,"segment","321200036",1
"E2_mapping",1,2127,"SCR-original",3,"segment","321200037",1
"E2_mapping",1,2127,"SCR-original",3,"segment","321200038",1
"E2_mapping",1,2127,"SCR-original",3,"segment","321200039",1
"E2_mapping",1,2127,"SCR-original",3,"segment","321200040",1
"E2_mapping",1,2127,"SCR-original",3,"segment","321200042",1
"E2_mapping",1,2127,"SCR-original",3,"segment","321200043",1
"E2_mapping",1,2127,"SCR-original",3,"segment","321200044",1
"E2_mapping",1,2127,"SCR-original",3,"segment","321200045",1
"E2_mapping",1,2127,"SCR-original",3,"segment","321200046",1
"E2_mapping",1,2127,"SCR-original",3,"segment","321200047",1
"E2_mapping",1,2127,"SCR-original",3,"segment","321200048",1
"E2_mapping",1,2127,"SCR-original",3,"segment","321200049",1
"E2_mapping",1,2127,"SCR-original",3,"segment","321200050",1
"E2_mapping",1,2127,"SCR-original",3,"segment","321200051",1
"E2_mapping",1,2127,"SCR-original",3,"segment","321200052",1
"E2_mapping",1,2127,"SCR-original",3,"segment","321200053",1
"E2_mapping",1,2127,"SCR-original",3,"segment","321200054",1
"E2_mapping",1,2127,"SCR-original",3,"segment","321200055",1
"E2_mapping",1,2127,"SCR-original",3,"segment","321200056",1
"E2_mapping",1,2127,"SCR-original",3,"segment","321200058",1
"E2_mapping",1,2127,"SCR-original",3,"segment","321200059",1
"E2_mapping",1,2127,"SCR-original",3,"segment","321200060",1
"E2_mapping",1,2127,"SCR-original",3,"segment","617100001",3
"E2_mapping",1,2127,"SCR-original",3,"segment","617100002",3
"E2_mapping",1,2127,"SCR-original",3,"segment","617100003",3
"E2_mapping",1,2127,"SCR-original",3,"segment","617100004",3
"E2_mapping",1,2127,"SCR-original",3,"segment","617100005",3
"E2_mapping",1,2127,"SCR-original",3,"segment","617100007",3
"E2_mapping",1,2127,"SCR-original",3,"segment","617100008",3
"E2_mapping",1,2127,"SCR-original",3,"segment","617100009",3
"E2_mapping",1,2127,"SCR-original",3,"segment","617100011",3
"E2_mapping",1,2127,"SCR-original",3,"segment","617100012",3
"E2_mapping",1,2127,"SCR-original",3,"segment","617100013",3
"E2_mapping",1,2127,"SCR-original",3,"segment","617100014",3
"E2_mapping",1,2127,"SCR-original",3,"segment","617100016",3
"E2_mapping",1,2127,"SCR-original",3,"segment","617100017",3
"E2_mapping",1,2127,"SCR-original",3,"segment","617100018",3
"E2_mapping",1,2127,"SCR-original",3,"segment","617100019",3
"E2_mapping",1,2127,"SCR-original",3,"segment","617100022",3
"E2_mapping",1,2127,"SCR-original",3,"segment","617100023",3
"E2_mapping",1,2127,"SCR-original",3,"segment","617100024",3
"E2_mapping",1,2127,"SCR-original",3,"segment","617100025",3
"E2_mapping",1,2127,"SCR-original",3,"segment","617100026",3
"E2_mapping",1,2127,"SCR-original",3,"segment","617100027",3
"E2_mapping",1,2127,"SCR-original",3,"segment","617100029",3
"E2_mapping",1,2127,"SCR-original",3,"segment","617100030",3
"E2_mapping",1,2127,"SCR-original",3,"segment","617100031",3
"E2_mapping",1,2127,"SCR-original",3,"segment","617100032",3
"E2_mapping",1,2127,"SCR-original",3,"segment","617100036",3
"E2_mapping",1,2127,"SCR-original",3,"segment","617100037",3
"E2_mapping",1,2127,"SCR-original",3,"segment","617100039",3
"E2_mapping",1,2127,"SCR-original",3,"segment","617100040",3
"E2_mapping",1,2127,"SCR-original",3,"segment","617100041",3
"E2_mapping",1,2127,"SCR-original",3,"segment","617100042",3
"E2_mapping",1,2127,"SCR-original",3,"segment","617100043",3
"E2_mapping",1,2127,"SCR-original",3,"segment","617100044",3
"E2_mapping",1,2127,"SCR-original",3,"segment","617100045",3
"E2_mapping",1,2127,"SCR-original",3,"segment","617100046",3
"E2_mapping",1,2127,"SCR-original",3,"segment","617100047",3
"E2_mapping",1,2127,"SCR-original",3,"segment","617100048",3
"E2_mapping",1,2127,"SCR-original",3,"segment","617100049",3
"E2_mapping",1,2127,"SCR-original",3,"segment","617100050",3
"E2_mapping",1,2127,"SCR-original",3,"segment","617100051",3
"E2_mapping",1,2127,"SCR-original",3,"segment","617100052",3
"E2_mapping",1,2127,"SCR-original",3,"segment","617100054",3
"E2_mapping",1,2127,"SCR-original",3,"segment","617100055",3
"E2_mapping",1,2127,"SCR-original",3,"segment","617100057",3
"E2_mapping",1,2127,"SCR-original",3,"segment","617100058",3
"E2_mapping",1,2127,"SCR-original",3,"segment","617100059",3
"E2_mapping",1,2127,"SCR-original",3,"segment","617100060",3
"E2_mapping",1,2127,"TwoStage-EN",3,"segment","320500001",1
"E2_mapping",1,2127,"TwoStage-EN",3,"segment","320500002",1
"E2_mapping",1,2127,"TwoStage-EN",3,"segment","320500003",1
"E2_mapping",1,2127,"TwoStage-EN",3,"segment","320500004",1
"E2_mapping",1,2127,"TwoStage-EN",3,"segment","320500006",1
"E2_mapping",1,2127,"TwoStage-EN",3,"segment","320500008",1
"E2_mapping",1,2127,"TwoStage-EN",3,"segment","320500009",1
"E2_mapping",1,2127,"TwoStage-EN",3,"segment","320500010",1
"E2_mapping",1,2127,"TwoStage-EN",3,"segment","320500011",1
"E2_mapping",1,2127,"TwoStage-EN",3,"segment","320500012",1
"E2_mapping",1,2127,"TwoStage-EN",3,"segment","320500014",1
"E2_mapping",1,2127,"TwoStage-EN",3,"segment","320500015",1
"E2_mapping",1,2127,"TwoStage-EN",3,"segment","320500016",1
"E2_mapping",1,2127,"TwoStage-EN",3,"segment","320500017",1
"E2_mapping",1,2127,"TwoStage-EN",3,"segment","320500018",1
"E2_mapping",1,2127,"TwoStage-EN",3,"segment","320500020",1
"E2_mapping",1,2127,"TwoStage-EN",3,"segment","320500021",1
"E2_mapping",1,2127,"TwoStage-EN",3,"segment","320500022",1
"E2_mapping",1,2127,"TwoStage-EN",3,"segment","320500023",1
"E2_mapping",1,2127,"TwoStage-EN",3,"segment","320500024",1
"E2_mapping",1,2127,"TwoStage-EN",3,"segment","320500025",1
"E2_mapping",1,2127,"TwoStage-EN",3,"segment","320500026",1
"E2_mapping",1,2127,"TwoStage-EN",3,"segment","320500027",1
"E2_mapping",1,2127,"TwoStage-EN",3,"segment","320500028",1
"E2_mapping",1,2127,"TwoStage-EN",3,"segment","320500030",1
"E2_mapping",1,2127,"TwoStage-EN",3,"segment","320500031",1
"E2_mapping",1,2127,"TwoStage-EN",3,"segment","320500032",1
"E2_mapping",1,2127,"TwoStage-EN",3,"segment","320500033",1
"E2_mapping",1,2127,"TwoStage-EN",3,"segment","320500034",1
"E2_mapping",1,2127,"TwoStage-EN",3,"segment","320500035",1
"E2_mapping",1,2127,"TwoStage-EN",3,"segment","320500036",1
"E2_mapping",1,2127,"TwoStage-EN",3,"segment","320500037",1
"E2_mapping",1,2127,"TwoStage-EN",3,"segment","320500038",1
"E2_mapping",1,2127,"TwoStage-EN",3,"segment","320500041",1
"E2_mapping",1,2127,"TwoStage-EN",3,"segment","320500042",1
"E2_mapping",1,2127,"TwoStage-EN",3,"segment","320500043",1
"E2_mapping",1,2127,"TwoStage-EN",3,"segment","320500044",1
"E2_mapping",1,2127,"TwoStage-EN",3,"segment","320500045",1
"E2_mapping",1,2127,"TwoStage-EN",3,"segment","320500048",1
"E2_mapping",1,2127,"TwoStage-EN",3,"segment","320500049",1
"E2_mapping",1,2127,"TwoStage-EN",3,"segment","320500050",1
"E2_mapping",1,2127,"TwoStage-EN",3,"segment","320500051",1
"E2_mapping",1,2127,"TwoStage-EN",3,"segment","320500052",1
"E2_mapping",1,2127,"TwoStage-EN",3,"segment","320500053",1
"E2_mapping",1,2127,"TwoStage-EN",3,"segment","320500056",1
"E2_mapping",1,2127,"TwoStage-EN",3,"segment","320500057",1
"E2_mapping",1,2127,"TwoStage-EN",3,"segment","320500058",1
"E2_mapping",1,2127,"TwoStage-EN",3,"segment","320500060",1
"E2_mapping",1,2127,"TwoStage-EN",3,"segment","321200003",2
"E2_mapping",1,2127,"TwoStage-EN",3,"segment","321200005",2
"E2_mapping",1,2127,"TwoStage-EN",3,"segment","321200006",2
"E2_mapping",1,2127,"TwoStage-EN",3,"segment","321200007",2
"E2_mapping",1,2127,"TwoStage-EN",3,"segment","321200008",2
"E2_mapping",1,2127,"TwoStage-EN",3,"segment","321200010",2
"E2_mapping",1,2127,"TwoStage-EN",3,"segment","321200011",2
"E2_mapping",1,2127,"TwoStage-EN",3,"segment","321200014",2
"E2_mapping",1,2127,"TwoStage-EN",3,"segment","321200016",2
"E2_mapping",1,2127,"TwoStage-EN",3,"segment","321200017",2
"E2_mapping",1,2127,"TwoStage-EN",3,"segment","321200018",2
"E2_mapping",1,2127,"TwoStage-EN",3,"segment","321200019",2
"E2_mapping",1,2127,"TwoStage-EN",3,"segment","321200021",2
"E2_mapping",1,2127,"TwoStage-EN",3,"segment","321200022",2
"E2_mapping",1,2127,"TwoStage-EN",3,"segment","321200023",2
"E2_mapping",1,2127,"TwoStage-EN",3,"segment","321200024",2
"E2_mapping",1,2127,"TwoStage-EN",3,"segment","321200025",2
"E2_mapping",1,2127,"TwoStage-EN",3,"segment","321200027",2
"E2_mapping",1,2127,"TwoStage-EN",3,"segment","321200029",2
"E2_mapping",1,2127,"TwoStage-EN",3,"segment","321200030",2
"E2_mapping",1,2127,"TwoStage-EN",3,"segment","321200031",2
"E2_mapping",1,2127,"TwoStage-EN",3,"segment","321200032",2
"E2_mapping",1,2127,"TwoStage-EN",3,"segment","321200033",2
"E2_mapping",1,2127,"TwoStage-EN",3,"segment","321200034",2
"E2_mapping",1,2127,"TwoStage-EN",3,"segment","321200035",2
"E2_mapping",1,2127,"TwoStage-EN",3,"segment","321200036",2
"E2_mapping",1,2127,"TwoStage-EN",3,"segment","321200037",2
"E2_mapping",1,2127,"TwoStage-EN",3,"segment","321200038",2
"E2_mapping",1,2127,"TwoStage-EN",3,"segment","321200039",2
"E2_mapping",1,2127,"TwoStage-EN",3,"segment","321200040",2
"E2_mapping",1,2127,"TwoStage-EN",3,"segment","321200042",2
"E2_mapping",1,2127,"TwoStage-EN",3,"segment","321200043",2
"E2_mapping",1,2127,"TwoStage-EN",3,"segment","321200044",2
"E2_mapping",1,2127,"TwoStage-EN",3,"segment","321200045",2
"E2_mapping",1,2127,"TwoStage-EN",3,"segment","321200046",2
"E2_mapping",1,2127,"TwoStage-EN",3,"segment","321200047",2
"E2_mapping",1,2127,"TwoStage-EN",3,"segment","321200048",2
"E2_mapping",1,2127,"TwoStage-EN",3,"segment","321200049",2
"E2_mapping",1,2127,"TwoStage-EN",3,"segment","321200050",2
"E2_mapping",1,2127,"TwoStage-EN",3,"segment","321200051",2
"E2_mapping",1,2127,"TwoStage-EN",3,"segment","321200052",2
"E2_mapping",1,2127,"TwoStage-EN",3,"segment","321200053",2
"E2_mapping",1,2127,"TwoStage-EN",3,"segment","321200054",2
"E2_mapping",1,2127,"TwoStage-EN",3,"segment","321200055",2
"E2_mapping",1,2127,"TwoStage-EN",3,"segment","321200056",2
"E2_mapping",1,2127,"TwoStage-EN",3,"segment","321200058",2
"E2_mapping",1,2127,"TwoStage-EN",3,"segment","321200059",2
"E2_mapping",1,2127,"TwoStage-EN",3,"segment","321200060",2
"E2_mapping",1,2127,"TwoStage-EN",3,"segment","617100001",3
"E2_mapping",1,2127,"TwoStage-EN",3,"segment","617100002",3
"E2_mapping",1,2127,"TwoStage-EN",3,"segment","617100003",3
"E2_mapping",1,2127,"TwoStage-EN",3,"segment","617100004",3
"E2_mapping",1,2127,"TwoStage-EN",3,"segment","617100005",3
"E2_mapping",1,2127,"TwoStage-EN",3,"segment","617100007",3
"E2_mapping",1,2127,"TwoStage-EN",3,"segment","617100008",3
"E2_mapping",1,2127,"TwoStage-EN",3,"segment","617100009",3
"E2_mapping",1,2127,"TwoStage-EN",3,"segment","617100011",3
"E2_mapping",1,2127,"TwoStage-EN",3,"segment","617100012",3
"E2_mapping",1,2127,"TwoStage-EN",3,"segment","617100013",3
"E2_mapping",1,2127,"TwoStage-EN",3,"segment","617100014",3
"E2_mapping",1,2127,"TwoStage-EN",3,"segment","617100016",3
"E2_mapping",1,2127,"TwoStage-EN",3,"segment","617100017",3
"E2_mapping",1,2127,"TwoStage-EN",3,"segment","617100018",3
"E2_mapping",1,2127,"TwoStage-EN",3,"segment","617100019",3
"E2_mapping",1,2127,"TwoStage-EN",3,"segment","617100022",3
"E2_mapping",1,2127,"TwoStage-EN",3,"segment","617100023",3
"E2_mapping",1,2127,"TwoStage-EN",3,"segment","617100024",3
"E2_mapping",1,2127,"TwoStage-EN",3,"segment","617100025",3
"E2_mapping",1,2127,"TwoStage-EN",3,"segment","617100026",3
"E2_mapping",1,2127,"TwoStage-EN",3,"segment","617100027",3
"E2_mapping",1,2127,"TwoStage-EN",3,"segment","617100029",3
"E2_mapping",1,2127,"TwoStage-EN",3,"segment","617100030",3
"E2_mapping",1,2127,"TwoStage-EN",3,"segment","617100031",3
"E2_mapping",1,2127,"TwoStage-EN",3,"segment","617100032",3
"E2_mapping",1,2127,"TwoStage-EN",3,"segment","617100036",3
"E2_mapping",1,2127,"TwoStage-EN",3,"segment","617100037",3
"E2_mapping",1,2127,"TwoStage-EN",3,"segment","617100039",3
"E2_mapping",1,2127,"TwoStage-EN",3,"segment","617100040",3
"E2_mapping",1,2127,"TwoStage-EN",3,"segment","617100041",3
"E2_mapping",1,2127,"TwoStage-EN",3,"segment","617100042",3
"E2_mapping",1,2127,"TwoStage-EN",3,"segment","617100043",3
"E2_mapping",1,2127,"TwoStage-EN",3,"segment","617100044",3
"E2_mapping",1,2127,"TwoStage-EN",3,"segment","617100045",3
"E2_mapping",1,2127,"TwoStage-EN",3,"segment","617100046",3
"E2_mapping",1,2127,"TwoStage-EN",3,"segment","617100047",3
"E2_mapping",1,2127,"TwoStage-EN",3,"segment","617100048",3
"E2_mapping",1,2127,"TwoStage-EN",3,"segment","617100049",3
"E2_mapping",1,2127,"TwoStage-EN",3,"segment","617100050",3
"E2_mapping",1,2127,"TwoStage-EN",3,"segment","617100051",3
"E2_mapping",1,2127,"TwoStage-EN",3,"segment","617100052",3
"E2_mapping",1,2127,"TwoStage-EN",3,"segment","617100054",3
"E2_mapping",1,2127,"TwoStage-EN",3,"segment","617100055",3
"E2_mapping",1,2127,"TwoStage-EN",3,"segment","617100057",3
"E2_mapping",1,2127,"TwoStage-EN",3,"segment","617100058",3
"E2_mapping",1,2127,"TwoStage-EN",3,"segment","617100059",3
"E2_mapping",1,2127,"TwoStage-EN",3,"segment","617100060",3
