"Design","Model","Folds","dKappa","SE_dKappa","dLogLoss","SE_dLogLoss"
"E3_imputation","CarryForward",1,-0.328070901589801,NA,2.59142222806842,NA
"E1_nowcast","Global-EN-D",1,0,NA,0,NA
"E3_imputation","Global-EN-D",1,0,NA,0,NA
"E2_mapping","Global-EN-S",1,0,NA,0,NA
"E1_nowcast","GW-EN-D",1,0.191328443098563,NA,-0.364511799952622,NA
"E2_mapping","GW-EN-S",1,0.125016659059163,NA,-0.232186260278392,NA
"E1_nowcast","LightGBM-D",1,0.177313680159924,NA,-0.285357245551994,NA
"E2_mapping","LightGBM-S",1,0.0979417240375735,NA,-0.166066928461047,NA
"E1_nowcast","Regency-EN-D",1,0.20469914919767,NA,-0.381405302412725,NA
"E2_mapping","Regency-EN-S",1,0.132640165870962,NA,-0.24744160559667,NA
"E1_nowcast","SCMR-EN-D",1,0.20469914919767,NA,-0.381405302412725,NA
"E3_imputation","SCMR-EN-D",1,0.172411918759935,NA,-0.349903557394428,NA
"E1_nowcast","SCMR-EN-D-phi1",1,0.20469914919767,NA,-0.381405302412725,NA
"E2_mapping","SCMR-EN-S",1,0.132640165870962,NA,-0.247441605349771,NA
"E2_mapping","SCMR-EN-S-phi1",1,0.132635026492135,NA,-0.247362082428436,NA
"E2_mapping","SCMR-EN-S-unit",1,0.132640165870962,NA,-0.247441605530667,NA
"E1_nowcast","SCR-original-D",1,0.203637998874935,NA,-0.390257158012484,NA
"E3_imputation","SCR-original-D",1,0.171995081579226,NA,-0.350361167632282,NA
"E2_mapping","SCR-original-S",1,0.135339708849969,NA,-0.241084844202575,NA
"E1_nowcast","TwoStage-EN-D",1,0.20469914919767,NA,-0.381405302412725,NA
"E3_imputation","TwoStage-EN-D",1,0.0952104056109797,NA,-0.18091071563201,NA
"E2_mapping","TwoStage-EN-S",1,0.132635026492135,NA,-0.247362082428436,NA
