"Design","Model","G","Mode","TestKappa","TestAccuracy","TestMacroF1","TestLogLoss"
"E2_mapping","SCMR-EN-static",3,"direct",0.304182109308739,0.423045267489712,0.413995154087765,1.4008956434244
"E2_mapping","SCMR-EN-static",6,"direct",0.294681598655016,0.414951989026063,0.406763251181014,1.41414730865678
"E2_mapping","LightGBM",0,"filter",0.177473119481044,0.319890260631001,0.304050400172183,1.65279299140989
"E2_mapping","Global-EN",1,"filter",0.19828828677289,0.338134430727023,0.317926741101149,1.59461592157121
"E2_mapping","DSCMR-EN",3,"filter",0.420840933176356,0.519478737997257,0.51492922043722,1.17349541231773
"E2_mapping","DSCMR-EN-phi1",3,"filter",0.42101220071871,0.519615912208505,0.515077001278078,1.1735773739653
"E2_mapping","TwoStage-EN",3,"filter",0.42101220071871,0.519615912208505,0.515077001278078,1.1735773739653
"E2_mapping","DSCMR-EN",6,"filter",0.415842603383928,0.51522633744856,0.51076868206004,1.18306063789773
"E2_mapping","DSCMR-EN-phi1",6,"filter",0.415834894448594,0.51522633744856,0.51074797196605,1.18312407624061
"E2_mapping","TwoStage-EN",6,"filter",0.41577040693106,0.51522633744856,0.511087131535018,1.18020165221589
"E2_mapping","LightGBM",0,"lag_observed",0.483450788801293,0.571144430844553,0.564765114560564,1.0355685531874
"E2_mapping","Global-EN",1,"lag_observed",0.504697667343016,0.588739290085679,0.582203138267503,1.00227044831945
"E2_mapping","DSCMR-EN",3,"lag_observed",0.712112826422981,0.761015911872705,0.758807455292396,0.599586028708104
"E2_mapping","DSCMR-EN-phi1",3,"lag_observed",0.712112826422981,0.761015911872705,0.758807455292396,0.59969485700318
"E2_mapping","TwoStage-EN",3,"lag_observed",0.712112826422981,0.761015911872705,0.758807455292396,0.59969485700318
"E2_mapping","DSCMR-EN",6,"lag_observed",0.704076861638524,0.754283965728274,0.752055466566449,0.611077378449719
"E2_mapping","DSCMR-EN-phi1",6,"lag_observed",0.704444517053959,0.754589963280294,0.752400138333432,0.611140715066503
"E2_mapping","TwoStage-EN",6,"lag_observed",0.706053215744694,0.755966952264382,0.753879915004987,0.60652764030209
"E2_mapping","LightGBM",0,"plugin",0.110983330583208,0.26803840877915,0.24822334661899,2.96252126729391
"E2_mapping","Global-EN",1,"plugin",0.107505333593754,0.267078189300412,0.238313282165579,2.40396459003517
"E2_mapping","DSCMR-EN",3,"plugin",0.300538908065802,0.423868312757202,0.412235355555865,2.26568793574932
"E2_mapping","DSCMR-EN-phi1",3,"plugin",0.300545075915463,0.423868312757202,0.412273999184273,2.25987487224528
"E2_mapping","TwoStage-EN",3,"plugin",0.300545075915463,0.423868312757202,0.412273999184273,2.25987487224528
"E2_mapping","DSCMR-EN",6,"plugin",0.298501986461448,0.422222222222222,0.412658131427565,2.32751435116384
"E2_mapping","DSCMR-EN-phi1",6,"plugin",0.297144203670675,0.421124828532236,0.411457569431896,2.31821256527174
"E2_mapping","TwoStage-EN",6,"plugin",0.29794483076903,0.421673525377229,0.410924214908332,2.30950463370099
