"Exp","Spec","Pattern","BlockSize","NUnits","NTime","Model","Error","Accuracy","Kappa","LogLoss","BrierScore","MacroF1","UnitARI","BetaMSE","Phi","G","Seconds","Monotone","Rep","Seed","G_PLIC_AIC","TrueG"
"S1","dynamic","irregular",1,150,12,"Global-EN","",0.622222222222222,0.545551584907412,0.955860588927668,0.512566362443534,0.620919031948444,NA,0.625771505855885,NA,1,1.438,NA,1,201030,3,3
"S1","dynamic","irregular",1,150,12,"SCMR-EN","",0.738888888888889,0.68607951910054,0.706141450191336,0.378494940524449,0.738579734397102,0.979343885318536,0.133770198510823,0.707676391859311,3,2.375,TRUE,1,201030,3,3
"S1","dynamic","irregular",1,150,12,"SCMR-EN@trueG","",0.738888888888889,0.68607951910054,0.706141450191336,0.378494940524449,0.738579734397102,0.979343885318536,0.133770198510823,0.707676391859311,3,2.375,TRUE,1,201030,3,3
"S1","dynamic","irregular",1,150,12,"SCMR-EN-phi1","",0.730555555555556,0.676051764924162,0.712164370296312,0.379398232067973,0.729481194863152,0.979343885318536,0.133770198510823,1,3,2.149,TRUE,1,201030,3,3
"S1","dynamic","irregular",1,150,12,"TwoStage-EN","",0.638888888888889,0.565152754032558,0.978127851427284,0.516569397671643,0.635492559839547,0.0489792934554161,0.589362481595679,1,3,0.19,NA,1,201030,3,3
"S1","dynamic","irregular",1,150,12,"TCMR-EN (oracle)","",0.738888888888889,0.686070782503827,0.666104567273448,0.357118327012094,0.738199648156376,NA,0.125531611817183,1,3,0.172,NA,1,201030,3,3
"S1","dynamic","irregular",1,150,12,"SCR-original","",0.622222222222222,0.545821389808811,0.967495689609093,0.518265846191376,0.622209709524672,NA,0.561479823456235,1,1,0.308,TRUE,1,201030,3,3
"S1","dynamic","irregular",1,150,12,"SCR-original@trueG","",0.641666666666667,0.568569889076755,1.0304459934591,0.526212996026346,0.639709033159036,0.0464748575339558,0.544107981785061,1,3,0.497,FALSE,1,201030,3,3
"S1","dynamic","irregular",1,150,12,"GW-EN","",0.627777777777778,0.55235930032942,0.917852054943223,0.498745661955867,0.627427787477008,NA,0.491256423609214,NA,NA,4.555,NA,1,201030,3,3
