"Exp","Spec","Pattern","BlockSize","NUnits","NTime","G","Error","PLIC_AIC","PLIC_BIC","SCR_AIC_eff","SCR_BIC_eff","CB_BIC","Phi","LogPL","Gfit","SCR_BIC_orig","SCR_Geff","Rep","TrueG"
"S1","dynamic","grid",1,150,12,1,"",3028.22438942564,3402.56603700833,3028.22438942564,3402.56603700833,3226.13702309283,NA,0,1,3625.52515996914,1,26,6
"S1","dynamic","grid",1,150,12,2,"",2900.4564776287,3457.8632464634,2890.49476012994,3442.62913057206,3107.53802407771,0.803405145408835,-3.98085874938213,2,4055.52375862888,2,26,6
"S1","dynamic","grid",1,150,12,3,"",2793.94069192265,3732.60926289253,2770.59527036058,3703.99144293789,3060.96828594714,0.920355991448852,-10.6727107810357,3,4505.677865837,3,26,6
"S1","dynamic","grid",1,150,12,4,"",2769.77619150018,4029.17503626524,2754.64732606138,4008.77377243387,3090.10139816362,1.44445653036768,-6.56443271939792,4,5260.85222865785,4,26,6
"S1","dynamic","grid",1,150,12,5,"",2689.73922129189,4282.61472140072,2663.1962727505,4250.79937446676,3052.14163921096,1.15048623223681,-12.2714742706932,5,5461.16081183637,5,26,6
"S1","dynamic","grid",1,150,12,6,"",2692.63129219454,4633.6180460191,2621.34801433289,4557.06236976488,3018.16121239959,0.848894447579219,-34.6416389308245,6,6194.63688550866,6,26,6
"S1","dynamic","grid",1,150,12,7,"",2827.91343090269,5139.80055359165,2774.93700004887,5081.55172434527,3184.1971251557,0.987398927158412,-25.4882154269084,7,6749.75118567779,7,26,6
"S1","dynamic","grid",1,150,12,8,"",2899.93726301877,5560.90111834247,2847.15164359251,5502.84310052364,3198.2461739661,1.02913644915197,-25.3928097131303,8,7392.25552565488,8,26,6
"S1","dynamic","grid",1,150,12,1,"",3005.69294038395,3406.79775521936,3005.69294038395,3406.79775521936,3217.75513221669,NA,0,1,3616.85001826898,1,27,6
"S1","dynamic","grid",1,150,12,2,"",2711.6065451345,3358.69010953807,2701.76742838268,3343.57859439367,2949.2937409134,1.27783272322748,-3.91955837591164,2,4051.55174801063,2,27,6
"S1","dynamic","grid",1,150,12,3,"",2625.00815316187,3673.73607229293,2607.01029749308,3650.46581823156,2958.09635201093,1.03373054205522,-7.99892783439709,3,4464.80117466422,3,27,6
"S1","dynamic","grid",1,150,12,4,"",2625.18769742546,4009.00682814232,2619.02881245808,3997.57554478238,2923.8745522684,15.2615465934869,-2.07944248368785,4,5002.73933083699,4,27,6
"S1","dynamic","grid",1,150,12,5,"",2454.4009810268,4067.36059825426,2438.49316026532,4046.1803791002,2721.01139195488,1.20048185326652,-6.95391038074185,5,5745.62453569495,5,27,6
"S1","dynamic","grid",1,150,12,6,"",2433.80807755012,4481.30825130351,2404.50122616346,4446.72900152428,2776.45845958296,1.00328894899798,-13.6534256933311,6,6204.86598056042,6,27,6
"S1","dynamic","grid",1,150,12,7,"",2531.12630379998,4965.19224190718,2509.73444622078,4938.52798593541,2893.3309852259,1.39141041518377,-9.69592878959959,7,6523.63477531183,7,27,6
"S1","dynamic","grid",1,150,12,8,"",2618.50728101155,5407.61675097535,2599.93001637716,5383.76708794839,2959.02623813939,1.93485810652657,-8.28863231719203,8,7073.41443152417,8,27,6
"S1","dynamic","grid",1,150,12,1,"",2825.2099115101,3302.66843478246,2825.2099115101,3302.66843478246,3077.63994278735,NA,0,1,3409.36541338623,1,28,6
"S1","dynamic","grid",1,150,12,2,"",2697.85479497635,3343.35275593888,2684.87230272552,3325.09786529548,2968.75764133023,0.863229556784546,-5.49124612541579,2,3823.10726959511,2,28,6
"S1","dynamic","grid",1,150,12,3,"",2577.34011068782,3563.87423847953,2565.63604918218,3546.89777858132,2910.36859130096,15.9173997777655,-4.8520307528209,3,4385.81570330683,3,28,6
"S1","dynamic","grid",1,150,12,4,"",2531.23961282991,3821.61522462591,2511.62480490712,3796.72801831054,2874.58165076258,1.53271509055529,-8.80740396139856,4,4931.60998485802,4,28,6
"S1","dynamic","grid",1,150,12,5,"",2529.07447672322,4188.5594317707,2515.98412090169,4170.1966775566,2862.39801645557,16.3702293075628,-5.54517791076414,5,5501.63167024689,5,28,6
"S1","dynamic","grid",1,150,12,6,"",2587.21040597933,4567.23587804664,2565.56076242689,4540.31383610163,2943.85821119954,1.43447361392597,-9.8248217762214,6,6036.48038893545,6,28,6
"S1","dynamic","grid",1,150,12,7,"",2638.6082000823,5014.07068795127,2625.48676440558,4995.67685388198,2993.47386458807,1.49915448213886,-5.56071783835969,7,6558.37805373496,7,28,6
"S1","dynamic","grid",1,150,12,8,"",2723.41042701826,5406.43566235844,2700.02490600177,5377.77774294938,3052.47564925961,1.36470561848479,-10.6927605082451,8,7213.49492489241,8,28,6
"S1","dynamic","grid",1,150,12,1,"",2970.26143733541,3407.93279693639,2970.26143733541,3407.93279693639,3201.65618600599,NA,0,1,3563.78832430768,1,29,6
"S1","dynamic","grid",1,150,12,2,"",2751.61548524638,3373.13891344503,2745.82067895898,3362.07170876507,2993.18522529405,1.29752522705597,-1.89740314369601,2,4046.99864181165,2,29,6
"S1","dynamic","grid",1,150,12,3,"",2592.75667769626,3577.16420940634,2564.71411601472,3543.84924933223,2803.79478202116,0.854782628516738,-13.0212808407697,3,4360.50729157808,3,29,6
"S1","dynamic","grid",1,150,12,4,"",2621.7678861203,3931.46640994914,2594.12713777622,3898.55326321249,2888.12263340669,0.933299504283931,-12.8203741720395,4,4691.34181654252,4,29,6
"S1","dynamic","grid",1,150,12,5,"",2607.81081138141,4278.6117774868,2573.16208063873,4238.69064835155,2922.83478594179,0.964706103186963,-16.3243653713426,5,5506.5654840042,5,29,6
"S1","dynamic","grid",1,150,12,6,"",2665.07755530997,4661.86024191806,2640.19935417787,4631.70964239339,2981.91457398979,1.17801532648867,-11.4391005660507,6,6217.45205619211,6,29,6
"S1","dynamic","grid",1,150,12,7,"",2698.75095405423,5036.48097758383,2688.43318788751,5020.89081302454,3030.4731430947,14.9163392674586,-4.15888308336028,7,6877.49915783153,7,29,6
"S1","dynamic","grid",1,150,12,8,"",2767.36678074298,5431.08133994015,2754.27642514316,5412.71858594776,3075.07656959503,15.2554042282131,-5.54517779990935,8,7379.0749252414,8,29,6
"S1","dynamic","grid",1,150,12,1,"",3064.24133026251,3434.42072241208,3064.24133026251,3434.42072241208,3259.95339944513,NA,0,1,3669.7709071285,1,30,6
"S1","dynamic","grid",1,150,12,2,"",2838.92335184213,3490.77213732143,2836.92334949233,3483.49973657907,3103.31867172028,14.7529421069006,-1.17489768378318e-06,2,4131.61228432383,2,30,6
"S1","dynamic","grid",1,150,12,3,"",2762.97644542763,3767.51508861648,2735.99417355033,3735.2604183466,3054.983856862,1.05563950420991,-12.4911359386518,3,4594.82000325251,3,30,6
"S1","dynamic","grid",1,150,12,4,"",2567.21279238118,3881.30768389725,2536.22576553224,3845.04825865573,2862.06014255349,0.964606789882536,-14.4935134244713,4,5050.23830553537,4,30,6
"S1","dynamic","grid",1,150,12,5,"",2533.03163450982,4206.64731697198,2519.43305767612,4187.77634174571,2898.68052161565,1.69069999953447,-5.79928841685224,5,5596.2006114262,5,30,6
"S1","dynamic","grid",1,150,12,6,"",2602.68947997256,4635.11505215887,2593.05906598547,4620.21223977921,2960.5043135036,2.22385977776446,-3.81520699354481,6,5993.41427563212,6,30,6
"S1","dynamic","grid",1,150,12,7,"",2685.34629188869,5124.11072089127,2659.39388961198,5092.88592022199,3016.77367059773,1.23998592839195,-11.9762011383545,7,6559.33194169064,7,30,6
"S1","dynamic","grid",1,150,12,8,"",2738.41809360203,5575.32331638198,2710.45237720492,5542.0852015923,3096.45409075284,1.2993927831115,-12.982858198554,8,7029.89722622858,8,30,6
"S1","dynamic","grid",1,150,12,1,"",2978.12682249305,3395.68626160015,2978.12682249305,3395.68626160015,3198.8884952589,NA,0,1,3581.7764237901,1,31,6
"S1","dynamic","grid",1,150,12,2,"",2839.05676046085,3463.64118422237,2826.039546892,3445.35157226094,2989.6998061881,1.04701818605812,-5.50860678442567,2,4114.33113848577,2,31,6
"S1","dynamic","grid",1,150,12,3,"",2778.30921495107,3717.31628847049,2758.17083650877,3691.90551163561,2989.67992054691,0.778130091680044,-9.06918922115155,3,4701.46334250576,3,31,6
"S1","dynamic","grid",1,150,12,4,"",2664.28312235251,3940.09653037351,2633.91078813693,3904.45179776536,2862.32770720909,0.770390337808897,-14.1861671077888,4,5136.27178427839,4,31,6
"S1","dynamic","grid",1,150,12,5,"",2637.42670507582,4357.37364564258,2600.33367659391,4315.0082187681,2984.01501135822,0.774822805580556,-17.5465142409575,5,5612.53553442963,5,31,6
"S1","dynamic","grid",1,150,12,6,"",2719.4246108687,4768.30041937216,2664.14517176749,4707.74858187838,3103.62268289895,0.796679291670872,-26.6397195506068,6,6371.0548084136,6,31,6
"S1","dynamic","grid",1,150,12,7,"",2886.78982881007,5377.49426924321,2837.46307016909,5322.89511220967,3272.48719468002,0.993067573060193,-23.663379320488,7,6859.82491463172,7,31,6
"S1","dynamic","grid",1,150,12,8,"",2935.33950876714,5746.21141026726,2894.71744545317,5700.31694856073,3307.76668877471,0.998138554789186,-19.3110316569814,8,7432.2497934171,8,31,6
"S1","dynamic","grid",1,150,12,1,"",2662.30035387667,3096.27576395881,2662.30035387667,3096.27576395881,2891.74107176308,NA,0,1,3259.03330080281,1,32,6
"S1","dynamic","grid",1,150,12,2,"",2405.86721028281,3108.12727675315,2390.41913274156,3087.40680081933,2658.26446194934,0.762251639724041,-6.72403877062651,2,3549.37905559797,2,32,6
"S1","dynamic","grid",1,150,12,3,"",2356.35877761495,3519.89478416753,2345.56193347093,3503.82554163093,2718.49805253729,2.13443020307573,-4.39842207201256,3,4194.51127978043,3,32,6
"S1","dynamic","grid",1,150,12,4,"",2364.27126960031,3811.66377618052,2354.45082745894,3796.57093564659,2684.19074180873,1.78969334785926,-3.91022107068118,4,4714.15718653465,4,32,6
"S1","dynamic","grid",1,150,12,5,"",2209.83319864143,4031.54517898333,2167.110034046,3983.54961599533,2541.82597832796,0.88579730511446,-20.3615822977147,5,5273.63569001562,5,32,6
"S1","dynamic","grid",1,150,12,6,"",2259.17557285905,4466.84281523033,2192.85180723977,4395.24665121848,2590.64964818397,0.850551408684228,-32.1618828096416,6,5844.182910108,6,32,6
"S1","dynamic","grid",1,150,12,7,"",2387.33344438171,5013.47985335502,2340.53534536938,4961.40935595011,2728.27475644119,0.972998650461604,-22.3990495061684,7,6370.33440424749,7,32,6
"S1","dynamic","grid",1,150,12,8,"",2515.96714619504,5503.00458965111,2504.83844806182,5486.60349312532,2892.080363897,15.4529579811639,-4.56434906660938,8,7012.22519091288,8,32,6
"S1","dynamic","grid",1,150,12,1,"",2996.75266683985,3411.03213841853,2996.75266683985,3411.03213841853,3215.78023650474,NA,0,1,3591.97646152225,1,33,6
"S1","dynamic","grid",1,150,12,2,"",2866.5875952843,3581.52869751862,2856.98111289593,3566.64981673768,3079.90137952899,1.64153300799261,-3.80324119418515,2,4117.16746456914,2,33,6
"S1","dynamic","grid",1,150,12,3,"",2744.30446404002,3796.95516009963,2715.40268581553,3762.78098348257,2904.77496660646,0.900047681262173,-13.4508891122445,3,4514.18499546897,3,33,6
"S1","dynamic","grid",1,150,12,4,"",2647.36203314471,4083.14025725527,2603.71481777998,4034.22064349797,2840.66431140404,1.05264121614665,-20.8236076823658,4,5189.55575837141,4,33,6
"S1","dynamic","grid",1,150,12,5,"",2675.10073902163,4585.08068787264,2634.14853906191,4538.85608952035,3035.31457028906,1.06276056953213,-19.4760999798569,5,5770.50681374686,5,33,6
"S1","dynamic","grid",1,150,12,6,"",2599.7286903933,4866.93410334683,2558.90305712927,4820.83607169023,2979.34647240061,1.17266751230756,-19.4128166320144,6,6463.38835323004,6,33,6
"S1","dynamic","grid",1,150,12,7,"",2701.10879110955,5421.73301380503,2646.49208850794,5361.84391281084,3075.80304860777,1.0303798336729,-26.3083513008065,7,6612.00284591162,7,33,6
"S1","dynamic","grid",1,150,12,8,"",2803.54436709427,5902.57094032149,2747.47257921656,5841.22675405121,3163.10064762175,1.04609014057081,-27.0358939388543,8,7321.54681875483,8,33,6
"S1","dynamic","grid",1,150,12,1,"",2992.05309146796,3381.1411764863,2992.05309146796,3381.1411764863,3197.76209588081,NA,0,1,3597.62463620884,1,34,6
"S1","dynamic","grid",1,150,12,2,"",2892.34812896779,3513.37410239302,2888.96183248162,3504.71540751428,3133.05428679693,14.4480101606729,-0.693148243084901,2,4010.61927229908,2,34,6
"S1","dynamic","grid",1,150,12,3,"",2739.89140380144,3750.37477547835,2736.50510832105,3741.71608160539,3077.02600225135,14.3959776616484,-0.693147740197938,3,4515.27303982953,3,34,6
"S1","dynamic","grid",1,150,12,4,"",2677.56578480244,3988.35620113301,2659.13839895685,3964.65641689485,3020.38853732057,0.814738741608822,-8.21369292279456,4,4963.64699180738,4,34,6
"S1","dynamic","grid",1,150,12,5,"",2485.88526027258,4093.1474797357,2437.36611377513,4039.35593484568,2756.84945767022,0.719256793020041,-23.2595732487234,5,5317.99667670682,5,34,6
"S1","dynamic","grid",1,150,12,6,"",2492.56896743907,4514.82204251163,2434.51950238332,4451.50017906332,2830.34172342037,0.787622973426874,-28.0247325278744,6,5919.51071925303,6,34,6
"S1","dynamic","grid",1,150,12,7,"",2617.65058535104,4990.49365806631,2579.36254907646,4946.93322339917,2965.85674874284,0.923947301071555,-18.144018137287,7,6540.48234747117,7,34,6
"S1","dynamic","grid",1,150,12,8,"",2658.06552738048,5283.07698235603,2622.31089428133,5242.0499508643,2955.29109248575,1.04584889525409,-16.8773165495763,8,7064.66536797763,8,34,6
"S1","dynamic","grid",1,150,12,1,"",2746.65904630649,3182.15999275563,2746.65904630649,3182.15999275563,2976.90630795338,NA,0,1,3338.66752092168,1,35,6
"S1","dynamic","grid",1,150,12,2,"",2673.97872280115,3384.81005108151,2669.20613170149,3374.76506158928,2944.4208394363,15.5885528286089,-1.38629554982895,2,3818.48875613972,2,35,6
"S1","dynamic","grid",1,150,12,3,"",2572.87788844349,3590.72632419306,2537.65140114501,3550.22743850202,2786.35830042796,0.730595588009197,-16.6132436492356,3,4337.17844964814,3,35,6
"S1","dynamic","grid",1,150,12,4,"",2476.04874358777,3876.02906544247,2434.13703405764,3828.84495751977,2723.55221288081,0.863623127051418,-19.9558547650634,4,4978.22423593921,4,35,6
"S1","dynamic","grid",1,150,12,5,"",2497.35618820962,4181.42464671716,2474.64663300196,4153.44269311693,2783.65787506513,1.36009341721596,-10.354777603827,5,5574.23711684447,5,35,6
"S1","dynamic","grid",1,150,12,6,"",2389.24990100319,4522.11076316264,2320.87738309926,4448.46584686614,2738.93980838224,0.85864304955094,-33.1862589519626,6,5941.13259099781,6,35,6
"S1","dynamic","grid",1,150,12,7,"",2544.65387105498,5057.2226854735,2511.81633332959,5019.11274935554,2941.98714137761,1.18944768501736,-15.4187688626986,7,6362.98303751914,7,35,6
"S1","dynamic","grid",1,150,12,8,"",2660.70922476754,5541.33867582663,2621.26731838205,5496.62437104856,3016.98844971726,1.29926308730723,-18.7209531927476,8,7194.1746823006,8,35,6
"S1","dynamic","grid",1,150,12,1,"",2751.51522581945,3204.40960621342,2751.51522581945,3204.40960621342,2990.95831257094,NA,0,1,3332.78543704335,1,36,6
"S1","dynamic","grid",1,150,12,2,"",2735.83284148372,3363.99792956759,2721.95480578951,3344.84749548082,2931.8923036109,0.833554683203878,-5.93901784710225,2,3827.27254368947,2,36,6
"S1","dynamic","grid",1,150,12,3,"",2626.03750136163,3614.36466011138,2611.88874025366,3594.94350061084,2944.40818064862,1.05267058008557,-6.07438055398528,3,4300.35253455115,3,36,6
"S1","dynamic","grid",1,150,12,4,"",2545.42484113199,3828.78996182924,2511.88332523383,3789.97604753851,2801.87538272219,0.797762414929959,-15.7707579490783,4,4666.25320634076,4,36,6
"S1","dynamic","grid",1,150,12,5,"",2484.45751386861,4068.29827249744,2440.57109634767,4019.13945658392,2744.70311989102,0.772462660346469,-20.9432087604733,5,5269.4890449653,5,36,6
"S1","dynamic","grid",1,150,12,6,"",2596.22587847349,4539.69569234059,2582.74584443634,4520.94325991088,2916.49646072793,1.3974351379071,-5.74001701857192,6,5841.1536067619,6,36,6
"S1","dynamic","grid",1,150,12,7,"",2569.84476932318,4868.03462281627,2553.16235172131,4846.07980682183,2906.04625409412,1.46755437597824,-7.34120880093691,7,6236.99570244395,7,36,6
"S1","dynamic","grid",1,150,12,8,"",2626.1310921621,5291.36416085852,2602.1397191465,5262.10038945035,2951.03301255581,1.35008521365806,-10.9956865078002,8,6676.09391025697,8,36,6
"S1","dynamic","grid",1,150,12,1,"",2999.32179645574,3381.070837733,2999.32179645574,3381.070837733,3201.15068364205,NA,0,1,3605.39193328516,1,37,6
"S1","dynamic","grid",1,150,12,2,"",2849.28712871288,3479.42145337886,2832.98674008885,3457.84866636226,3100.19981455041,0.964480470256249,-7.15019431201597,2,4112.0510662186,2,37,6
"S1","dynamic","grid",1,150,12,3,"",2585.52913767881,3513.73842405746,2550.62423185101,3473.5611198371,2817.53088224469,0.831518580048705,-16.4524529138983,3,4464.99837103206,3,37,6
"S1","dynamic","grid",1,150,12,4,"",2521.89516220029,3836.86554360575,2476.04341286468,3785.74139587757,2754.82083351985,0.886239990004941,-21.9258746678066,4,5206.53510447931,4,37,6
"S1","dynamic","grid",1,150,12,5,"",2551.69529477021,4192.68371573885,2524.30520578315,4160.02122835922,2838.95097650355,1.33401145014789,-12.6950444935304,5,5607.96115747559,5,37,6
"S1","dynamic","grid",1,150,12,6,"",2588.52637812803,4581.0118238479,2554.78518186095,4541.99822918826,2886.60150377886,0.94943699904347,-15.8705981335364,6,5881.89824780942,6,37,6
"S1","dynamic","grid",1,150,12,7,"",2495.57196596537,4849.61633540694,2468.38337281793,4817.15534386694,2878.05375616463,1.36724865003525,-12.5942965737181,7,6557.78579932853,7,37,6
"S1","dynamic","grid",1,150,12,8,"",2642.97051786706,5376.34677119015,2630.69912538053,5358.80298031105,3056.17067287961,2.17578520140542,-5.13569624326561,8,7210.46710677653,8,37,6
"S1","dynamic","grid",1,150,12,1,"",3061.98469589047,3486.65041251693,3061.98469589047,3486.65041251693,3286.50342349782,NA,0,1,3657.22984860029,1,38,6
"S1","dynamic","grid",1,150,12,2,"",2692.83556686345,3636.41492448794,2684.81657797065,3623.12353720257,3039.14899708283,1.52882712694462,-3.00949444639924,2,3978.24145423575,2,38,6
"S1","dynamic","grid",1,150,12,3,"",2601.72613701548,3994.34058321013,2592.28605528255,3979.62810308463,3011.2042795165,2.11201682927658,-3.72004086646545,3,4516.78776632079,3,38,6
"S1","dynamic","grid",1,150,12,4,"",2290.23844051633,4012.49644935603,2282.20747432652,3999.19308477365,2531.61956070706,1.54767815182093,-3.01548309490537,4,5036.97358939059,4,38,6
"S1","dynamic","grid",1,150,12,5,"",2164.3763229285,4354.69158574263,2143.97786407889,4329.02072850044,2553.91549767087,1.27805095068835,-9.1992294248083,5,5500.75440381725,5,38,6
"S1","dynamic","grid",1,150,12,6,"",2037.88770303767,4629.26112281403,2010.9965004479,4597.09752183169,2496.11521144137,1.10286251373965,-12.4456012948868,6,6086.01562137299,6,38,6
"S1","dynamic","grid",1,150,12,7,"",2086.9899053794,5004.88008518567,2048.72065638558,4961.33843779927,2495.24426447042,0.978346695072751,-18.1346244969125,7,6173.01870872276,7,38,6
"S1","dynamic","grid",1,150,12,8,"",2230.67227435099,5601.59788984594,2205.99060818001,5571.64382528239,2657.63586985451,1.52549862195429,-11.3408330854896,8,6910.26890430615,8,38,6
"S1","dynamic","grid",1,150,12,1,"",2961.43908359557,3327.42026317031,2961.43908359557,3327.42026317031,3154.93157792526,NA,0,1,3566.2257355549,1,39,6
"S1","dynamic","grid",1,150,12,2,"",2666.09292704862,3159.50006250627,2645.1253660534,3133.26010311847,2815.01774725806,0.794698132114273,-9.48378049761151,2,3985.64571581314,2,39,6
"S1","dynamic","grid",1,150,12,3,"",2586.67027256589,3364.86202316682,2559.18821049484,3332.1075627032,2784.06359878761,0.843445683106669,-12.7410310355234,3,4199.61884013783,3,39,6
"S1","dynamic","grid",1,150,12,4,"",2477.63309096333,3613.18265675929,2443.92232640723,3574.19949381062,2709.4974531701,0.873507824766824,-15.8553822780512,4,4781.76073712118,4,39,6
"S1","dynamic","grid",1,150,12,5,"",2491.85927815052,3965.48182913821,2444.61667733449,3912.96682992961,2818.66711365142,0.875674826424744,-22.6213004080175,5,5303.38713287286,5,39,6
"S1","dynamic","grid",1,150,12,6,"",2492.77163720842,4285.14173768509,2455.42451650721,4242.52221859131,2805.91597279553,1.09606872178567,-17.6735603506041,6,6149.29183532779,6,39,6
"S1","dynamic","grid",1,150,12,7,"",2523.38785438086,4671.54617858344,2470.44162893431,4613.32755474432,2791.33403264128,1.00508263215375,-25.4731127232734,7,6511.40846851851,7,39,6
"S1","dynamic","grid",1,150,12,8,"",2648.46960565017,5110.22392089068,2590.59392975859,5047.07584660653,2912.7483139559,1.01013968010825,-27.9378379457881,8,7332.08018962158,8,39,6
"S1","dynamic","grid",1,150,12,1,"",3030.50803164246,3460.06342209508,3030.50803164246,3460.06342209508,3257.61190634995,NA,0,1,3625.90747976249,1,40,6
"S1","dynamic","grid",1,150,12,2,"",2810.7591410586,3419.41941646196,2796.69953676478,3400.08741377557,3035.50837023716,0.684833243887311,-6.02980214691366,2,3879.32036181295,2,40,6
"S1","dynamic","grid",1,150,12,3,"",2598.22959931635,3518.2041788077,2575.17389844475,3489.87607954352,2821.8994735776,0.811310636441729,-10.5278504358046,3,4222.79225980583,3,40,6
"S1","dynamic","grid",1,150,12,4,"",2513.86920285244,3733.04028496932,2480.74684605709,3694.64552978139,2789.19927748552,0.886544638864636,-15.561178397677,4,4808.02993231194,4,40,6
"S1","dynamic","grid",1,150,12,5,"",2498.42521701375,4008.51636381695,2462.18888893074,3967.00763734137,2742.84086645543,0.967668762180131,-17.118164041507,5,5420.09714965558,5,40,6
"S1","dynamic","grid",1,150,12,6,"",2602.02030241203,4423.34596333168,2582.08813696261,4398.14139948969,2900.4369415896,1.54559562802671,-8.96608272471093,6,5944.51910797406,6,40,6
"S1","dynamic","grid",1,150,12,7,"",2602.79209850363,4871.54958412152,2562.04437256942,4825.52945979473,2969.12537043065,1.05635310055787,-19.373862967109,7,6568.19537979418,7,40,6
"S1","dynamic","grid",1,150,12,8,"",2705.54140285477,5314.14866365127,2662.35256906507,5265.687431469,3000.77929706368,1.19852489590735,-20.5944168948504,8,7011.5965236381,8,40,6
"S1","dynamic","grid",1,150,12,1,"",2932.27293732408,3325.7315177843,2932.27293732408,3325.7315177843,3140.29260171537,NA,0,1,3523.38230697188,1,41,6
"S1","dynamic","grid",1,150,12,2,"",2828.60531863518,3451.53744205283,2826.60531624414,3444.26504126922,2996.53491016291,14.3300791145655,-1.19551830475212e-06,2,3848.85603169729,2,41,6
"S1","dynamic","grid",1,150,12,3,"",2733.37503091126,3638.22411839636,2727.21614655809,3626.79283565063,2924.63490003224,15.5225585523845,-2.07944217658166,3,4322.73377828349,3,41,6
"S1","dynamic","grid",1,150,12,4,"",2592.38197190921,3820.29825897176,2583.43596544323,3806.07985411321,2867.8832647642,1.87527625896637,-3.4730032329884,4,4701.3352374695,4,41,6
"S1","dynamic","grid",1,150,12,5,"",2394.54039524882,3984.14695871243,2354.97803679873,3939.31220186977,2700.87880288564,0.807819762347348,-18.7811792250452,5,5293.79781316629,5,41,6
"S1","dynamic","grid",1,150,12,6,"",2395.47777280208,4307.48194397553,2364.07736281632,4270.80913559721,2725.71604487926,0.947435255912686,-14.7002049928782,6,6120.8082187345,6,41,6
"S1","dynamic","grid",1,150,12,7,"",2482.34514867468,4719.90555765488,2446.0065970332,4678.29460762084,2797.94903312622,0.947704728442947,-17.1692758207386,7,6324.00318088032,7,41,6
"S1","dynamic","grid",1,150,12,8,"",2530.05873064617,5120.31501025101,2491.85550969371,5076.83939090597,2855.10881470418,1.12067975220465,-18.1016104762316,8,7050.73653541143,8,41,6
"S1","dynamic","grid",1,150,12,1,"",3166.78172222358,3618.87575123422,3166.78172222358,3618.87575123422,3405.80166703733,NA,0,1,3763.44959469003,1,42,6
"S1","dynamic","grid",1,150,12,2,"",2985.90113935153,3637.52652421582,2965.55216074339,3611.9051472151,3258.39300879714,0.664852374387876,-9.17448930407246,2,4013.50703166778,2,42,6
"S1","dynamic","grid",1,150,12,3,"",2799.83422105302,3808.10618510003,2760.31965819281,3763.31922384725,2988.0149583776,0.645697317541882,-18.7572814301047,3,4506.22590155281,3,42,6
"S1","dynamic","grid",1,150,12,4,"",2668.10297496777,3983.57226291759,2622.05569608855,3932.2525856458,2959.68851824474,0.706380044444522,-22.0236394396119,4,4781.74043151413,4,42,6
"S1","dynamic","grid",1,150,12,5,"",2567.60081340233,4172.31596475401,2509.46750576213,4108.91025872124,2911.29254191557,0.78149247782984,-28.0666538201019,5,5696.38280677007,5,42,6
"S1","dynamic","grid",1,150,12,6,"",2669.37145651433,4694.63008937109,2593.08112042998,4613.06735489418,3003.23673027556,0.800898290919409,-37.1451680421721,6,6281.70208115046,6,42,6
"S1","dynamic","grid",1,150,12,7,"",2662.09817696001,4926.04135989889,2602.56594540534,4861.23672995164,2980.0109619633,0.893121774561699,-28.7661157773387,7,6725.05680239449,7,42,6
"S1","dynamic","grid",1,150,12,8,"",2727.30493776979,5300.87944535206,2661.8817221185,5230.1838313082,3046.85624622751,0.910578565560193,-31.7116078256424,8,7363.53678424979,8,42,6
"S1","dynamic","grid",1,150,12,1,"",2650.03410753002,3055.01448158704,2650.03410753002,3055.01448158704,2864.14528893535,NA,0,1,3246.8495219905,1,43,6
"S1","dynamic","grid",1,150,12,2,"",2443.23897557709,3348.12937654526,2425.637822959,3325.25582553459,2770.68918185689,0.871773627276285,-7.80057630904716,2,3668.28959586092,2,43,6
"S1","dynamic","grid",1,150,12,3,"",2389.4714316169,3767.90989290762,2371.88238211625,3745.0484450144,2758.32189121772,0.821424906415706,-7.79452475032446,3,4173.2903004871,3,43,6
"S1","dynamic","grid",1,150,12,4,"",2302.25690391675,4157.50247657269,2272.53105131177,4122.50422557515,2744.62609645463,0.77661069117266,-13.8629263024861,4,4733.1460641417,4,43,6
"S1","dynamic","grid",1,150,12,5,"",2226.89163184063,4504.77069868915,2174.24691177827,4446.85358023422,2664.41720042813,0.800595632876983,-25.3223600311779,5,5432.73447129109,5,43,6
"S1","dynamic","grid",1,150,12,6,"",2276.29828322769,4950.67401648974,2220.28392024649,4889.38725511597,2720.58249082819,0.805157930229656,-27.0071814905999,6,5771.53498341025,6,43,6
"S1","dynamic","grid",1,150,12,7,"",2398.61610976904,5464.92288451173,2360.66610746222,5421.70048381235,2850.89268878872,0.839894001638769,-17.9750011534059,7,6336.47824640561,7,43,6
"S1","dynamic","grid",1,150,12,8,"",2402.12565742998,5898.674283015,2373.37211408507,5864.64834127752,2848.86309910465,1.19822147666689,-13.3767716724518,8,6958.68295456132,8,43,6
"S1","dynamic","grid",1,150,12,1,"",3026.19393018666,3385.07829886758,3026.19393018666,3385.07829886758,3215.93437463436,NA,0,1,3632.39869352817,1,44,6
"S1","dynamic","grid",1,150,12,2,"",2920.80783425342,3443.48626365702,2889.96522682261,3407.37125783364,3080.26524428557,0.57191573152601,-14.4213037154053,2,4051.4075372082,2,44,6
"S1","dynamic","grid",1,150,12,3,"",2749.49511813758,3567.2648392828,2701.68289558156,3514.18021833421,2959.44360789352,0.664445735349435,-22.9061112780115,3,4478.99111186828,3,44,6
"S1","dynamic","grid",1,150,12,4,"",2729.76220198557,3837.01695599766,2680.18569831027,3782.16805392979,2927.0184858164,0.716521512344379,-23.7882518376494,4,5057.50752605044,4,44,6
"S1","dynamic","grid",1,150,12,5,"",2660.50150643085,4079.75608393683,2615.69432112779,4029.67650024119,2854.64446807542,0.900137304637788,-21.4035926515337,5,5649.58377740609,5,44,6
"S1","dynamic","grid",1,150,12,6,"",2572.61173413942,4319.8613522907,2513.21185153354,4255.18907129225,2823.18010549247,0.887926776428477,-28.699941302943,6,6278.76920039307,6,44,6
"S1","dynamic","grid",1,150,12,7,"",2752.68604380915,4892.0149284925,2708.36024743406,4842.41673372483,3051.00431420033,1.22903121131879,-21.1628981875466,7,6653.23006529811,7,44,6
"S1","dynamic","grid",1,150,12,8,"",2724.82349770346,4996.69688994052,2656.83044280122,4923.43143664571,2943.52458368388,0.918476046038566,-32.9965274511199,8,7228.39595975307,8,44,6
"S1","dynamic","grid",1,150,12,1,"",2906.66080146889,3379.13880023555,2906.66080146889,3379.13880023555,3156.45765332747,NA,0,1,3495.10681767127,1,45,6
"S1","dynamic","grid",1,150,12,2,"",2694.27372073743,3368.35025809859,2689.50113110968,3358.30527007826,2921.79204796038,15.7065214808109,-1.38629481387746,2,3928.55044022211,2,45,6
"S1","dynamic","grid",1,150,12,3,"",2449.18398150304,3434.18094658409,2443.02509606355,3422.74966275203,2786.53068857889,15.5975482349153,-2.07944271974389,3,4463.55130324272,3,45,6
"S1","dynamic","grid",1,150,12,4,"",2406.59127789071,3761.78566596358,2400.43239339096,3750.35438307126,2735.31456100452,16.2399871504305,-2.07944224987538,4,4867.44458747615,4,45,6
"S1","dynamic","grid",1,150,12,5,"",2364.67648633629,4018.88123908496,2358.51760235934,4007.44995671545,2671.63875586931,16.7006103646921,-2.07944198847356,5,5443.91899720001,5,45,6
"S1","dynamic","grid",1,150,12,6,"",2348.97133901457,4359.61124717661,2342.81245502588,4348.17996479535,2706.51071992231,16.687555511794,-2.07944199434463,6,6087.82246757184,6,45,6
"S1","dynamic","grid",1,150,12,7,"",2448.48332339283,4773.59006829384,2439.55185056232,4759.38619707077,2816.75924993631,16.4989608078218,-3.46573641525226,7,6152.70647290394,7,45,6
"S1","dynamic","grid",1,150,12,8,"",2491.90033822072,5192.26529353566,2476.55039125868,5171.64294818105,2871.1752211658,2.32731016665661,-6.67497348102116,8,6750.29925343134,8,45,6
"S1","dynamic","grid",1,150,12,1,"",2960.61765787342,3409.69148616852,2960.61765787342,3409.69148616852,3198.04083705429,NA,0,1,3552.16430251712,1,46,6
"S1","dynamic","grid",1,150,12,2,"",2868.09260307054,3401.27706333931,2844.37480649067,3372.28686836687,2987.29564011967,0.558576827969824,-10.8588982899333,2,4027.15626812269,2,46,6
"S1","dynamic","grid",1,150,12,3,"",2544.05447279774,3419.30717306726,2495.10611350676,3365.08641538371,2793.43389801299,0.657692558481146,-23.4741796454914,3,4409.53232037355,3,46,6
"S1","dynamic","grid",1,150,12,4,"",2599.07629980988,3812.52571409429,2572.36126152798,3780.53827741982,2880.7306566764,0.894640480238901,-12.3575191409472,4,4817.29834312559,4,46,6
"S1","dynamic","grid",1,150,12,5,"",2475.71530490555,3976.84541458876,2413.16635497843,3909.02406626908,2780.79176745117,0.770798680517961,-30.2744749635569,5,5311.70319807468,5,46,6
"S1","dynamic","grid",1,150,12,6,"",2541.70275602273,4319.30881962525,2500.72645751362,4273.06012272357,2959.17057429917,0.901809964342138,-19.4881492545518,6,6031.04877830359,6,46,6
"S1","dynamic","grid",1,150,12,7,"",2554.75081920893,4729.14513642417,2505.58822868387,4674.71014750653,2868.62462945054,0.910558431414138,-23.5812952625321,7,6687.07255667115,7,46,6
"S1","dynamic","grid",1,150,12,8,"",2584.99389593096,5055.04123696974,2538.06197455715,5002.83691720336,2923.89291363035,0.986426543487933,-22.4659606869046,8,7358.10212204255,8,46,6
"S1","dynamic","grid",1,150,12,1,"",2792.31895016666,3260.49661070382,2792.31895016666,3260.49661070382,3039.8422338285,NA,0,1,3383.17666654013,1,47,6
"S1","dynamic","grid",1,150,12,2,"",2658.66323011769,3430.61090305678,2646.41031640651,3413.08559095303,2959.94174580382,1.06122355348832,-5.1264568555893,2,3826.72288223967,2,47,6
"S1","dynamic","grid",1,150,12,3,"",2503.41480328171,3638.71431585532,2473.99891809524,3604.02603227628,2817.43200501461,0.751589435468842,-13.7079425932357,3,4482.44349100507,3,47,6
"S1","dynamic","grid",1,150,12,4,"",2499.95880314407,4009.7348132384,2469.74074200428,3974.24435370604,2823.48422099944,0.807985704567964,-14.1090305698949,4,4887.52279573233,4,47,6
"S1","dynamic","grid",1,150,12,5,"",2450.9698073816,4359.12795112578,2404.65480377575,4307.54054912736,2779.06391202787,0.835295472674257,-22.157501802925,5,5172.97306560435,5,47,6
"S1","dynamic","grid",1,150,12,6,"",2417.59549638878,4728.67001884094,2370.69500462712,4676.49712868671,2809.37521047824,0.85620559079431,-22.4502458808314,6,5844.39216486996,6,47,6
"S1","dynamic","grid",1,150,12,7,"",2526.07779566758,5207.2794084091,2481.36192548437,5157.29113983331,2878.79140575889,0.948655437436012,-21.3579350916083,7,6347.29715347208,7,47,6
"S1","dynamic","grid",1,150,12,8,"",2620.45553055335,5704.93255005571,2590.41052867523,5669.61514978502,2984.13305534455,1.17247447897641,-14.0225009390604,8,7043.00309132296,8,47,6
"S1","dynamic","grid",1,150,12,1,"",2934.1448739972,3369.21882209097,2934.1448739972,3369.21882209097,3164.16638366157,NA,0,1,3530.28175711739,1,48,6
"S1","dynamic","grid",1,150,12,2,"",2644.21260405141,3252.00271114434,2632.53665286149,3235.05436156185,2885.48669393066,1.1495364712211,-4.8379755949593,2,4001.80682505921,2,48,6
"S1","dynamic","grid",1,150,12,3,"",2591.53830855722,3461.38674187932,2571.43840506265,3436.01443999217,2833.24248204585,1.00160376631148,-9.04995174728814,3,4297.35735221591,3,48,6
"S1","dynamic","grid",1,150,12,4,"",2575.09731333964,3809.19782708637,2549.43653310619,3778.26464846035,2794.5248807698,0.963717617475741,-11.8303901167246,4,4680.04817207583,4,48,6
"S1","dynamic","grid",1,150,12,5,"",2356.21222942816,3973.30943826398,2328.30423416775,3940.129044611,2658.57676172397,1.24742189223102,-12.9539976302015,5,5487.36356948446,5,48,6
"S1","dynamic","grid",1,150,12,6,"",2357.0217178695,4310.75049332511,2308.41397951196,4256.870356575,2698.95846951377,0.941459240886761,-23.3038691787697,6,5913.27979678921,6,48,6
"S1","dynamic","grid",1,150,12,7,"",2405.52453395797,4685.97898910317,2368.99672232835,4644.17877908098,2752.93072477627,1.24554281717383,-17.2639058148094,7,6268.31021979866,7,48,6
"S1","dynamic","grid",1,150,12,8,"",2506.44399944843,5161.23593723546,2479.45962519041,5128.97916458487,2842.76695358434,1.41500032818664,-12.4921871290074,8,6713.70715805696,8,48,6
"S1","dynamic","grid",1,150,12,1,"",2950.52618367236,3375.14249870108,2950.52618367236,3375.14249870108,3175.01879289193,NA,0,1,3539.57306713487,1,49,6
"S1","dynamic","grid",1,150,12,2,"",2800.94411008784,3570.29346217574,2786.08690364599,3550.16385734132,3088.65820849294,0.646611601444578,-6.42860322092896,2,3948.39258613327,2,49,6
"S1","dynamic","grid",1,150,12,3,"",2734.8759629818,3855.74695480914,2711.5934120297,3827.19200546447,2990.96207618,0.743966390319728,-10.6412754760498,3,4478.46853486889,3,49,6
"S1","dynamic","grid",1,150,12,4,"",2584.6448474806,4167.4764546143,2555.7801890706,4133.33939781173,2950.00648863858,0.753672233747084,-13.432329204999,4,4889.26857843878,4,49,6
"S1","dynamic","grid",1,150,12,5,"",2585.09523632074,4491.67719309375,2554.97299537864,4456.28255375908,2947.25020621093,0.872547134590016,-14.0611204710493,5,5527.84222283485,5,49,6
"S1","dynamic","grid",1,150,12,6,"",2612.22569545964,5025.88203499473,2580.8944612902,4989.27840243272,2987.7202362753,0.899704617265951,-14.6656170847199,6,5831.53376361654,6,49,6
"S1","dynamic","grid",1,150,12,7,"",2655.58567058142,5398.48967390109,2614.68041166513,5352.31201659223,2997.36055578241,0.924081551164415,-19.4526294581442,7,6384.29424652038,7,49,6
"S1","dynamic","grid",1,150,12,8,"",2701.51946378299,5715.16909880367,2659.16644450624,5667.54368113435,3043.29311787527,1.06276734683711,-20.1765096383752,8,7058.04429592209,8,49,6
"S1","dynamic","grid",1,150,12,1,"",2653.30406173845,3037.53191012504,2653.30406173845,3037.53191012504,2856.44348235466,NA,0,1,3253.8498942695,1,50,6
"S1","dynamic","grid",1,150,12,2,"",2575.02212436764,3211.911848544,2561.83708687474,3193.45441265854,2782.80345319225,1.4241241527263,-5.59251874644844,2,3828.15040954273,2,50,6
"S1","dynamic","grid",1,150,12,3,"",2378.7901765039,3289.77753903449,2348.27096986574,3253.98593400376,2649.02030579685,0.770797186911564,-14.2596033190804,3,4196.54278470023,3,50,6
"S1","dynamic","grid",1,150,12,4,"",2357.72933288806,3649.03612241536,2318.65673921786,3604.69113035259,2616.3606414392,0.802660466342396,-18.5362968351011,4,4584.75339357486,4,50,6
"S1","dynamic","grid",1,150,12,5,"",2428.29635002932,4125.02275747082,2408.50921711338,4099.9632261623,2772.5651177268,1.36757012196676,-8.89356645797334,5,5173.22625776486,5,50,6
"S1","dynamic","grid",1,150,12,6,"",2331.5988302732,4315.51946442725,2287.980546243,4266.62878200448,2660.73744509573,0.951231371702796,-20.8091420150999,6,5745.67286779027,6,50,6
"S1","dynamic","grid",1,150,12,7,"",2440.89090960846,4727.18212893434,2412.35219456148,4693.37101549479,2801.98424201638,1.29705342290176,-13.2693575234898,7,6181.14806617629,7,50,6
"S1","dynamic","grid",1,150,12,8,"",2482.43299314801,5132.28514619927,2443.6627005988,5088.24245525749,2832.59268724643,1.18262037467189,-18.3851462746044,8,6843.10099095291,8,50,6
